-6.262762e+08+1.437500e+05j	0.000000e+00+0.000000e+00j	0.000000e+00+0.000000e+00j	3.000702e+08+-3.226071e+04j	0.000000e+00+0.000000e+00j	0.000000e+00+0.000000e+00j	3.772938e+07+1.755444e+04j	0.000000e+00+0.000000e+00j	0.000000e+00+0.000000e+00j	1.128715e+07+2.252964e+04j	0.000000e+00+0.000000e+00j	0.000000e+00+0.000000e+00j	-1.494451e+08+5.313690e+04j	-0.000000e+00+0.000000e+00j	-0.000000e+00+0.000000e+00j	2.678299e+07+1.964400e+04j	7.951624e+07+-1.509822e+04j	0.000000e+00+0.000000e+00j	1.898690e+07+2.109596e+04j	1.612490e+07+-3.044188e+03j	0.000000e+00+0.000000e+00j	8.225486e+06+2.309185e+04j	4.289987e+06+-7.858480e+02j	0.000000e+00+0.000000e+00j	-1.857144e+07+2.821246e+04j	-0.000000e+00+0.000000e+00j	-0.000000e+00+0.000000e+00j	-5.200451e+06+2.566224e+04j	1.612490e+07+-3.044188e+03j	0.000000e+00+0.000000e+00j	3.463514e+06+2.398686e+04j	9.979105e+06+-1.857003e+03j	0.000000e+00+0.000000e+00j	3.576703e+06+2.391667e+04j	4.461670e+06+-7.892725e+02j	0.000000e+00+0.000000e+00j	-5.450008e+06+2.562192e+04j	-0.000000e+00+0.000000e+00j	-0.000000e+00+0.000000e+00j	-3.214478e+06+2.518745e+04j	4.289987e+06+-7.858480e+02j	0.000000e+00+0.000000e+00j	-1.413550e+05+2.457440e+04j	4.461670e+06+-7.892725e+02j	0.000000e+00+0.000000e+00j	1.081819e+06+2.429346e+04j	2.976614e+06+-4.780177e+02j	0.000000e+00+0.000000e+00j	
-2.269267e+06+2.488145e+04j	-0.000000e+00+0.000000e+00j	-0.000000e+00+0.000000e+00j	-1.686920e+06+2.476111e+04j	1.525130e+06+-2.508573e+02j	0.000000e+00+0.000000e+00j	-5.939690e+05+2.452441e+04j	2.035923e+06+-3.090576e+02j	0.000000e+00+0.000000e+00j	1.724151e+05+2.433045e+04j	1.754067e+06+-2.167872e+02j	0.000000e+00+0.000000e+00j	-1.143135e+06+2.449304e+04j	-0.000000e+00+0.000000e+00j	-0.000000e+00+0.000000e+00j	-9.433156e+05+2.444544e+04j	6.630501e+05+-7.745768e+01j	0.000000e+00+0.000000e+00j	-5.040597e+05+2.433309e+04j	1.011348e+06+-9.519508e+01j	0.000000e+00+0.000000e+00j	-9.598901e+04+2.420745e+04j	1.022758e+06+-4.908828e+01j	0.000000e+00+0.000000e+00j	-6.491552e+05+2.418688e+04j	-0.000000e+00+0.000000e+00j	-0.000000e+00+0.000000e+00j	-5.666759e+05+2.416163e+04j	3.318330e+05+-5.003280e+00j	0.000000e+00+0.000000e+00j	-3.681914e+05+2.409521e+04j	5.472682e+05+1.201045e+01j	0.000000e+00+0.000000e+00j	-1.509332e+05+2.400613e+04j	6.136351e+05+5.715041e+01j	0.000000e+00+0.000000e+00j	-4.003469e+05+2.388998e+04j	-0.000000e+00+0.000000e+00j	-0.000000e+00+0.000000e+00j	-3.615115e+05+2.387310e+04j	1.840133e+05+3.250791e+01j	0.000000e+00+0.000000e+00j	-2.626394e+05+2.382581e+04j	3.188029e+05+7.425377e+01j	0.000000e+00+0.000000e+00j	-1.425432e+05+2.375554e+04j	3.830467e+05+1.291746e+02j	0.000000e+00+0.000000e+00j	
-2.623483e+05+2.357744e+04j	-0.000000e+00+0.000000e+00j	-0.000000e+00+0.000000e+00j	-2.421746e+05+2.356418e+04j	1.102925e+05+5.582672e+01j	0.000000e+00+0.000000e+00j	-1.888613e+05+2.352580e+04j	1.974727e+05+1.159144e+02j	0.000000e+00+0.000000e+00j	-1.194055e+05+2.346555e+04j	2.489438e+05+1.825262e+02j	0.000000e+00+0.000000e+00j	-1.802042e+05+2.323955e+04j	-0.000000e+00+0.000000e+00j	-0.000000e+00+0.000000e+00j	-1.688971e+05+2.322807e+04j	7.025681e+04+7.261622e+01j	0.000000e+00+0.000000e+00j	-1.382302e+05+2.319425e+04j	1.287175e+05+1.473275e+02j	0.000000e+00+0.000000e+00j	-9.625997e+04+2.313969e+04j	1.679684e+05+2.253967e+02j	0.000000e+00+0.000000e+00j	-1.286141e+05+2.287230e+04j	-0.000000e+00+0.000000e+00j	-0.000000e+00+0.000000e+00j	-1.218812e+05+2.286179e+04j	4.700154e+04+8.607302e+01j	0.000000e+00+0.000000e+00j	-1.032752e+05+2.283058e+04j	8.756007e+04+1.732085e+02j	0.000000e+00+0.000000e+00j	-7.688028e+04+2.277948e+04j	1.172172e+05+2.620921e+02j	0.000000e+00+0.000000e+00j	-9.483510e+04+2.247419e+04j	-0.000000e+00+0.000000e+00j	-0.000000e+00+0.000000e+00j	-9.062346e+04+2.246427e+04j	3.273791e+04+9.766205e+01j	0.000000e+00+0.000000e+00j	-7.882114e+04+2.243468e+04j	6.175336e+04+1.958543e+02j	0.000000e+00+0.000000e+00j	-6.162075e+04+2.238589e+04j	8.428758e+04+2.949242e+02j	0.000000e+00+0.000000e+00j	
-7.197962e+04+2.204488e+04j	-0.000000e+00+0.000000e+00j	-0.000000e+00+0.000000e+00j	-6.923504e+04+2.203536e+04j	2.358723e+04+1.081057e+02j	0.000000e+00+0.000000e+00j	-6.146138e+04+2.200690e+04j	4.491981e+04+2.164476e+02j	0.000000e+00+0.000000e+00j	-4.989510e+04+2.195979e+04j	6.223951e+04+3.251679e+02j	0.000000e+00+0.000000e+00j	-5.610636e+04+2.158470e+04j	-0.000000e+00+0.000000e+00j	-0.000000e+00+0.000000e+00j	-5.425499e+04+2.157548e+04j	1.749095e+04+1.177809e+02j	0.000000e+00+0.000000e+00j	-4.896730e+04+2.154789e+04j	3.356016e+04+2.356248e+02j	0.000000e+00+0.000000e+00j	-4.097091e+04+2.150211e+04j	4.705496e+04+3.535442e+02j	0.000000e+00+0.000000e+00j	-4.485131e+04+2.109435e+04j	-0.000000e+00+0.000000e+00j	-0.000000e+00+0.000000e+00j	-4.356500e+04+2.108538e+04j	1.329678e+04+1.268927e+02j	0.000000e+00+0.000000e+00j	-3.986674e+04+2.105851e+04j	2.566536e+04+2.537401e+02j	0.000000e+00+0.000000e+00j	-3.420088e+04+2.101387e+04j	3.632988e+04+3.804684e+02j	0.000000e+00+0.000000e+00j	-3.673924e+04+2.057478e+04j	-0.000000e+00+0.000000e+00j	-0.000000e+00+0.000000e+00j	-3.582238e+04+2.056602e+04j	1.033000e+04+1.355560e+02j	0.000000e+00+0.000000e+00j	-3.317209e+04+2.053980e+04j	2.003535e+04+2.709947e+02j	0.000000e+00+0.000000e+00j	-2.906876e+04+2.049620e+04j	2.858107e+04+4.061824e+02j	0.000000e+00+0.000000e+00j	
-3.081811e+04+2.002708e+04j	-0.000000e+00+0.000000e+00j	-0.000000e+00+0.000000e+00j	-3.014976e+04+2.001853e+04j	8.179908e+03+1.438360e+02j	0.000000e+00+0.000000e+00j	-2.820931e+04+1.999292e+04j	1.592809e+04+2.875041e+02j	0.000000e+00+0.000000e+00j	-2.517884e+04+1.995031e+04j	2.286739e+04+4.308264e+02j	0.000000e+00+0.000000e+00j	-2.645537e+04+1.945252e+04j	-0.000000e+00+0.000000e+00j	-0.000000e+00+0.000000e+00j	-2.595841e+04+1.944417e+04j	6.588011e+03+1.517694e+02j	0.000000e+00+0.000000e+00j	-2.451030e+04+1.941914e+04j	1.287047e+04+3.033332e+02j	0.000000e+00+0.000000e+00j	-2.223233e+04+1.937751e+04j	1.857608e+04+4.544799e+02j	0.000000e+00+0.000000e+00j	-2.321997e+04+1.885243e+04j	-0.000000e+00+0.000000e+00j	-0.000000e+00+0.000000e+00j	-2.284386e+04+1.884428e+04j	5.386742e+03+1.593762e+02j	0.000000e+00+0.000000e+00j	-2.174447e+04+1.881984e+04j	1.055260e+04+3.185173e+02j	0.000000e+00+0.000000e+00j	-2.000454e+04+1.877918e+04j	1.529877e+04+4.771847e+02j	0.000000e+00+0.000000e+00j	-2.081160e+04+1.822825e+04j	-0.000000e+00+0.000000e+00j	-0.000000e+00+0.000000e+00j	-2.052235e+04+1.822030e+04j	4.464621e+03+1.666661e+02j	0.000000e+00+0.000000e+00j	-1.967466e+04+1.819645e+04j	8.766487e+03+3.330731e+02j	0.000000e+00+0.000000e+00j	-1.832612e+04+1.815677e+04j	1.275741e+04+4.989599e+02j	0.000000e+00+0.000000e+00j	
-1.494451e+08+5.313690e+04j	-0.000000e+00+0.000000e+00j	-0.000000e+00+0.000000e+00j	2.678299e+07+1.964400e+04j	0.000000e+00+0.000000e+00j	7.951624e+07+-1.509822e+04j	1.898690e+07+2.109596e+04j	0.000000e+00+0.000000e+00j	1.612490e+07+-3.044188e+03j	8.225486e+06+2.309185e+04j	0.000000e+00+0.000000e+00j	4.289987e+06+-7.858480e+02j	-5.273325e+07+3.474222e+04j	-0.000000e+00+0.000000e+00j	-0.000000e+00+0.000000e+00j	2.261924e+05+2.467023e+04j	2.887449e+07+-5.476352e+03j	2.887449e+07+-5.476352e+03j	1.038796e+07+2.271023e+04j	1.022897e+07+-1.923973e+03j	1.022897e+07+-1.923973e+03j	6.129953e+06+2.347051e+04j	3.382703e+06+-6.134733e+02j	3.382703e+06+-6.134733e+02j	-1.326290e+07+2.718433e+04j	-0.000000e+00+0.000000e+00j	-0.000000e+00+0.000000e+00j	-4.955489e+06+2.559619e+04j	1.022897e+07+-1.923973e+03j	5.114483e+06+-9.619866e+02j	1.988728e+06+2.424757e+04j	7.438736e+06+-1.374347e+03j	3.719368e+06+-6.871737e+02j	2.781586e+06+2.404828e+04j	3.709594e+06+-6.463955e+02j	1.854797e+06+-3.231978e+02j	-4.644474e+06+2.544940e+04j	-0.000000e+00+0.000000e+00j	-0.000000e+00+0.000000e+00j	-2.890587e+06+2.510644e+04j	3.382703e+06+-6.134733e+02j	1.127568e+06+-2.044911e+02j	-3.097421e+05+2.458694e+04j	3.709594e+06+-6.463955e+02j	1.236531e+06+-2.154652e+02j	8.580192e+05+2.431655e+04j	2.602029e+06+-4.068717e+02j	8.673431e+05+-1.356239e+02j	
-2.068203e+06+2.482383e+04j	-0.000000e+00+0.000000e+00j	-0.000000e+00+0.000000e+00j	-1.564060e+06+2.471836e+04j	1.322940e+06+-2.124523e+02j	3.307349e+05+-5.311308e+01j	-5.937940e+05+2.450499e+04j	1.803355e+06+-2.648919e+02j	4.508387e+05+-6.622297e+01j	1.175645e+05+2.432151e+04j	1.591320e+06+-1.858984e+02j	3.978301e+05+-4.647460e+01j	-1.075926e+06+2.446093e+04j	-0.000000e+00+0.000000e+00j	-0.000000e+00+0.000000e+00j	-8.941754e+05+2.441677e+04j	6.037614e+05+-6.620659e+01j	1.207523e+05+-1.324132e+01j	-4.901407e+05+2.431112e+04j	9.297981e+05+-7.972801e+01j	1.859596e+05+-1.594560e+01j	-1.071590e+05+2.419028e+04j	9.519139e+05+-3.566901e+01j	1.903828e+05+-7.133803e+00j	-6.219814e+05+2.416247e+04j	-0.000000e+00+0.000000e+00j	-0.000000e+00+0.000000e+00j	-5.448302e+05+2.413824e+04j	3.106443e+05+-9.938574e-01j	5.177405e+04+-1.656429e-01j	-3.581108e+05+2.407406e+04j	5.148610e+05+1.813500e+01j	8.581017e+04+3.022501e+00j	-1.515921e+05+2.398705e+04j	5.812297e+05+6.325828e+01j	9.687162e+04+1.054305e+01j	-3.877991e+05+2.386845e+04j	-0.000000e+00+0.000000e+00j	-0.000000e+00+0.000000e+00j	-3.508384e+05+2.385193e+04j	1.752472e+05+3.415437e+01j	2.503532e+04+4.879196e+00j	-2.564413e+05+2.380551e+04j	3.044603e+05+7.694071e+01j	4.349434e+04+1.099153e+01j	-1.411028e+05+2.373617e+04j	3.672791e+05+1.321132e+02j	5.246844e+04+1.887332e+01j	
-2.559612e+05+2.355721e+04j	-0.000000e+00+0.000000e+00j	-0.000000e+00+0.000000e+00j	-2.365412e+05+2.354410e+04j	1.062371e+05+5.657552e+01j	1.327963e+04+7.071940e+00j	-1.851225e+05+2.350608e+04j	1.905301e+05+1.171900e+02j	2.381626e+04+1.464875e+01j	-1.178949e+05+2.344629e+04j	2.407894e+05+1.840104e+02j	3.009868e+04+2.300130e+01j	-1.767034e+05+2.322000e+04j	-0.000000e+00+0.000000e+00j	-0.000000e+00+0.000000e+00j	-1.657324e+05+2.320858e+04j	6.820846e+04+7.298104e+01j	7.578718e+03+8.109005e+00j	-1.359414e+05+2.317495e+04j	1.250979e+05+1.479666e+02j	1.389976e+04+1.644073e+01j	-9.507664e+04+2.312063e+04j	1.635093e+05+2.261709e+02j	1.816771e+04+2.513011e+01j	-1.265814e+05+2.285318e+04j	-0.000000e+00+0.000000e+00j	-0.000000e+00+0.000000e+00j	-1.200114e+05+2.284271e+04j	4.589122e+04+8.625702e+01j	4.589122e+03+8.625702e+00j	-1.018411e+05+2.281159e+04j	8.555220e+04+1.735361e+02j	8.555221e+03+1.735361e+01j	-7.602471e+04+2.276063e+04j	1.146547e+05+2.624983e+02j	1.146547e+04+2.624983e+01j	-9.359963e+04+2.245539e+04j	-0.000000e+00+0.000000e+00j	-0.000000e+00+0.000000e+00j	-8.947244e+04+2.244549e+04j	3.210007e+04+9.775372e+01j	2.918188e+03+8.886703e+00j	-7.790047e+04+2.241596e+04j	6.057982e+04+1.960183e+02j	5.507256e+03+1.781984e+01j	-6.101792e+04+2.236726e+04j	8.274909e+04+2.951281e+02j	7.522645e+03+2.682983e+01j	
-7.120065e+04+2.202635e+04j	-0.000000e+00+0.000000e+00j	-0.000000e+00+0.000000e+00j	-6.850240e+04+2.201685e+04j	2.320259e+04+1.081467e+02j	1.933549e+03+9.012228e+00j	-6.085699e+04+2.198843e+04j	4.420267e+04+2.165198e+02j	3.683556e+03+1.804332e+01j	-4.947296e+04+2.194137e+04j	6.127955e+04+3.252544e+02j	5.106629e+03+2.710453e+01j	-5.560045e+04+2.156642e+04j	-0.000000e+00+0.000000e+00j	-0.000000e+00+0.000000e+00j	-5.377573e+04+2.155721e+04j	1.724923e+04+1.177923e+02j	1.326864e+03+9.060943e+00j	-4.856269e+04+2.152965e+04j	3.310480e+04+2.356423e+02j	2.546523e+03+1.812633e+01j	-4.067484e+04+2.148391e+04j	4.643528e+04+3.535585e+02j	3.571944e+03+2.719681e+01j	-4.451477e+04+2.107632e+04j	-0.000000e+00+0.000000e+00j	-0.000000e+00+0.000000e+00j	-4.324444e+04+2.106735e+04j	1.313941e+04+1.268856e+02j	9.385292e+02+9.063260e+00j	-3.959133e+04+2.104051e+04j	2.536641e+04+2.537230e+02j	1.811887e+03+1.812307e+01j	-3.399233e+04+2.099590e+04j	3.591763e+04+3.804360e+02j	2.565545e+03+2.717400e+01j	-3.651104e+04+2.055699e+04j	-0.000000e+00+0.000000e+00j	-0.000000e+00+0.000000e+00j	-3.560409e+04+2.054824e+04j	1.022433e+04+1.355368e+02j	6.816219e+02+9.035785e+00j	-3.298204e+04+2.052203e+04j	1.983327e+04+2.709545e+02j	1.322218e+03+1.806364e+01j	-2.892114e+04+2.047847e+04j	2.829937e+04+4.061181e+02j	1.886625e+03+2.707454e+01j	
-3.066101e+04+2.000954e+04j	-0.000000e+00+0.000000e+00j	-0.000000e+00+0.000000e+00j	-2.999900e+04+2.000100e+04j	8.107007e+03+1.438082e+02j	5.066880e+02+8.988014e+00j	-2.807673e+04+1.997540e+04j	1.578790e+04+2.874474e+02j	9.867438e+02+1.796547e+01j	-2.507392e+04+1.993283e+04j	2.267022e+04+4.307391e+02j	1.416889e+03+2.692120e+01j	-2.634594e+04+1.943524e+04j	-0.000000e+00+0.000000e+00j	-0.000000e+00+0.000000e+00j	-2.585316e+04+1.942690e+04j	6.536495e+03+1.517353e+02j	3.844997e+02+8.925604e+00j	-2.441706e+04+1.940189e+04j	1.277095e+04+3.032643e+02j	7.512325e+02+1.783908e+01j	-2.215756e+04+1.936028e+04j	1.843506e+04+4.543751e+02j	1.084415e+03+2.672795e+01j	-2.314312e+04+1.883543e+04j	-0.000000e+00+0.000000e+00j	-0.000000e+00+0.000000e+00j	-2.276981e+04+1.882728e+04j	5.349549e+03+1.593371e+02j	2.971972e+02+8.852059e+00j	-2.167855e+04+1.880286e+04j	1.048047e+04+3.184387e+02j	5.822485e+02+1.769104e+01j	-1.995122e+04+1.876222e+04j	1.519592e+04+4.770660e+02j	8.442178e+02+2.650367e+01j	-2.075733e+04+1.821153e+04j	-0.000000e+00+0.000000e+00j	-0.000000e+00+0.000000e+00j	-2.047001e+04+1.820358e+04j	4.437246e+03+1.666230e+02j	2.335393e+02+8.769631e+00j	-1.962793e+04+1.817975e+04j	8.713222e+03+3.329866e+02j	4.585907e+02+1.752561e+01j	-1.828815e+04+1.814009e+04j	1.268106e+04+4.988296e+02j	6.674240e+02+2.625419e+01j	
-1.857144e+07+2.821246e+04j	-0.000000e+00+0.000000e+00j	-0.000000e+00+0.000000e+00j	-5.200451e+06+2.566224e+04j	0.000000e+00+0.000000e+00j	1.612490e+07+-3.044188e+03j	3.463514e+06+2.398686e+04j	0.000000e+00+0.000000e+00j	9.979105e+06+-1.857003e+03j	3.576703e+06+2.391667e+04j	0.000000e+00+0.000000e+00j	4.461670e+06+-7.892725e+02j	-1.326290e+07+2.718433e+04j	-0.000000e+00+0.000000e+00j	-0.000000e+00+0.000000e+00j	-4.955489e+06+2.559619e+04j	5.114483e+06+-9.619866e+02j	1.022897e+07+-1.923973e+03j	1.988728e+06+2.424757e+04j	3.719368e+06+-6.871737e+02j	7.438736e+06+-1.374347e+03j	2.781586e+06+2.404828e+04j	1.854797e+06+-3.231978e+02j	3.709594e+06+-6.463955e+02j	-6.515591e+06+2.584386e+04j	-0.000000e+00+0.000000e+00j	-0.000000e+00+0.000000e+00j	-3.590323e+06+2.527833e+04j	3.719368e+06+-6.871737e+02j	3.719368e+06+-6.871737e+02j	1.110874e+05+2.454590e+04j	3.630957e+06+-6.509069e+02j	3.630957e+06+-6.509069e+02j	1.363340e+06+2.425940e+04j	2.287695e+06+-3.762860e+02j	2.287695e+06+-3.762860e+02j	-3.115801e+06+2.510058e+04j	-0.000000e+00+0.000000e+00j	-0.000000e+00+0.000000e+00j	-2.164539e+06+2.491014e+04j	1.854797e+06+-3.231978e+02j	1.236531e+06+-2.154652e+02j	-5.430725e+05+2.457297e+04j	2.287695e+06+-3.762860e+02j	1.525130e+06+-2.508573e+02j	4.150808e+05+2.434249e+04j	1.807252e+06+-2.559390e+02j	1.204834e+06+-1.706260e+02j	
-1.611931e+06+2.467894e+04j	-0.000000e+00+0.000000e+00j	-0.000000e+00+0.000000e+00j	-1.270052e+06+2.460432e+04j	9.016774e+05+-1.324459e+02j	4.508387e+05+-6.622297e+01j	-5.704028e+05+2.444241e+04j	1.294144e+06+-1.682082e+02j	6.470718e+05+-8.410410e+01j	1.614507e+03+2.428549e+04j	1.213618e+06+-1.142341e+02j	6.068090e+05+-5.711705e+01j	-9.085990e+05+2.437116e+04j	-0.000000e+00+0.000000e+00j	-0.000000e+00+0.000000e+00j	-7.690801e+05+2.433504e+04j	4.648991e+05+-3.986401e+01j	1.859596e+05+-1.594560e+01j	-4.497311e+05+2.424553e+04j	7.341704e+05+-4.264110e+01j	2.936682e+05+-1.705644e+01j	-1.306379e+05+2.413691e+04j	7.766107e+05+-2.484672e+00j	3.106443e+05+-9.938688e-01j	-5.506142e+05+2.409120e+04j	-0.000000e+00+0.000000e+00j	-0.000000e+00+0.000000e+00j	-4.868260e+05+2.406953e+04j	2.574305e+05+9.067502e+00j	8.581017e+04+3.022501e+00j	-3.300526e+05+2.401109e+04j	4.324321e+05+3.369807e+01j	1.441440e+05+1.123269e+01j	-1.516752e+05+2.392951e+04j	4.973436e+05+7.904922e+01j	1.657812e+05+2.634974e+01j	-3.537259e+05+2.380459e+04j	-0.000000e+00+0.000000e+00j	-0.000000e+00+0.000000e+00j	-3.216828e+05+2.378902e+04j	1.522302e+05+3.847036e+01j	4.349434e+04+1.099153e+01j	-2.391228e+05+2.374490e+04j	2.665257e+05+8.403387e+01j	7.615019e+04+2.400968e+01j	-1.365761e+05+2.367807e+04j	3.251338e+05+1.399494e+02j	9.289536e+04+3.998555e+01j	
-2.382295e+05+2.349682e+04j	-0.000000e+00+0.000000e+00j	-0.000000e+00+0.000000e+00j	-2.208469e+05+2.348411e+04j	9.526506e+04+5.859500e+01j	2.381626e+04+1.464875e+01j	-1.745757e+05+2.344712e+04j	1.716635e+05+1.206443e+02j	4.291586e+04+3.016109e+01j	-1.134626e+05+2.338858e+04j	2.184823e+05+1.880535e+02j	5.462058e+04+4.701337e+01j	-1.668341e+05+2.316151e+04j	-0.000000e+00+0.000000e+00j	-0.000000e+00+0.000000e+00j	-1.567911e+05+2.315029e+04j	6.254894e+04+7.398329e+01j	1.389976e+04+1.644073e+01j	-1.294264e+05+2.311717e+04j	1.150683e+05+1.497261e+02j	2.557073e+04+3.327248e+01j	-9.164303e+04+2.306351e+04j	1.510999e+05+2.283099e+02j	3.357776e+04+5.073554e+01j	-1.207873e+05+2.279593e+04j	-0.000000e+00+0.000000e+00j	-0.000000e+00+0.000000e+00j	-1.146739e+05+2.278556e+04j	4.277610e+04+8.676805e+01j	8.555221e+03+1.735361e+01j	-9.772766e+04+2.275473e+04j	7.990818e+04+1.744469e+02j	1.598164e+04+3.488937e+01j	-7.354394e+04+2.270416e+04j	1.074302e+05+2.636288e+02j	2.148604e+04+5.272576e+01j	-9.004902e+04+2.239907e+04j	-0.000000e+00+0.000000e+00j	-0.000000e+00+0.000000e+00j	-8.616135e+04+2.238923e+04j	3.028991e+04+9.800914e+01j	5.507256e+03+1.781984e+01j	-7.524362e+04+2.235987e+04j	5.724494e+04+1.964750e+02j	1.040817e+04+3.572272e+01j	-5.926649e+04+2.231142e+04j	7.836801e+04+2.956955e+02j	1.424873e+04+5.376281e+01j	
-6.894801e+04+2.197083e+04j	-0.000000e+00+0.000000e+00j	-0.000000e+00+0.000000e+00j	-6.638233e+04+2.196136e+04j	2.210134e+04+1.082599e+02j	3.683556e+03+1.804332e+01j	-5.910430e+04+2.193306e+04j	4.214752e+04+2.167182e+02j	7.024587e+03+3.611971e+01j	-4.824335e+04+2.188618e+04j	5.852438e+04+3.254901e+02j	9.754064e+03+5.424836e+01j	-5.413040e+04+2.151164e+04j	-0.000000e+00+0.000000e+00j	-0.000000e+00+0.000000e+00j	-5.238248e+04+2.150246e+04j	1.655240e+04+1.178212e+02j	2.546523e+03+1.812633e+01j	-4.738470e+04+2.147498e+04j	3.179112e+04+2.356850e+02j	4.890941e+03+3.625923e+01j	-3.981028e+04+2.142938e+04j	4.464557e+04+3.535886e+02j	6.868549e+03+5.439825e+01j	-4.353322e+04+2.102226e+04j	-0.000000e+00+0.000000e+00j	-0.000000e+00+0.000000e+00j	-4.230916e+04+2.101332e+04j	1.268321e+04+1.268615e+02j	1.811887e+03+1.812307e+01j	-3.878693e+04+2.098654e+04j	2.449936e+04+2.536663e+02j	3.499909e+03+3.623804e+01j	-3.338195e+04+2.094206e+04j	3.472097e+04+3.803316e+02j	4.960139e+03+5.433308e+01j	-3.584347e+04+2.050366e+04j	-0.000000e+00+0.000000e+00j	-0.000000e+00+0.000000e+00j	-3.496537e+04+2.049494e+04j	9.916634e+03+1.354773e+02j	1.322218e+03+1.806364e+01j	-3.242552e+04+2.046880e+04j	1.924459e+04+2.708306e+02j	2.565946e+03+3.611075e+01j	-2.848826e+04+2.042533e+04j	2.747826e+04+4.059209e+02j	3.663767e+03+5.412278e+01j	
-3.020032e+04+1.995698e+04j	-0.000000e+00+0.000000e+00j	-0.000000e+00+0.000000e+00j	-2.955685e+04+1.994845e+04j	7.893950e+03+1.437237e+02j	9.867438e+02+1.796547e+01j	-2.768770e+04+1.992291e+04j	1.537806e+04+2.872756e+02j	1.922258e+03+3.590945e+01j	-2.476574e+04+1.988042e+04j	2.209352e+04+4.304745e+02j	2.761690e+03+5.380931e+01j	-2.602447e+04+1.938346e+04j	-0.000000e+00+0.000000e+00j	-0.000000e+00+0.000000e+00j	-2.554391e+04+1.937513e+04j	6.385476e+03+1.516322e+02j	7.512325e+02+1.783908e+01j	-2.414302e+04+1.935017e+04j	1.247913e+04+3.030563e+02j	1.468133e+03+3.565368e+01j	-2.193765e+04+1.930865e+04j	1.802140e+04+4.540589e+02j	2.120165e+03+5.341870e+01j	-2.291698e+04+1.878445e+04j	-0.000000e+00+0.000000e+00j	-0.000000e+00+0.000000e+00j	-2.255193e+04+1.877632e+04j	5.240237e+03+1.592193e+02j	5.822485e+02+1.769104e+01j	-2.148454e+04+1.875195e+04j	1.026844e+04+3.182022e+02j	1.140938e+03+3.535580e+01j	-1.979421e+04+1.871139e+04j	1.489349e+04+4.767087e+02j	1.654832e+03+5.296764e+01j	-2.059745e+04+1.816139e+04j	-0.000000e+00+0.000000e+00j	-0.000000e+00+0.000000e+00j	-2.031582e+04+1.815346e+04j	4.356611e+03+1.664933e+02j	4.585907e+02+1.752561e+01j	-1.949026e+04+1.812968e+04j	8.556306e+03+3.327267e+02j	9.006637e+02+3.502386e+01j	-1.817626e+04+1.809010e+04j	1.245606e+04+4.984382e+02j	1.311164e+03+5.246718e+01j	
-5.450008e+06+2.562192e+04j	-0.000000e+00+0.000000e+00j	-0.000000e+00+0.000000e+00j	-3.214478e+06+2.518745e+04j	0.000000e+00+0.000000e+00j	4.289987e+06+-7.858480e+02j	-1.413550e+05+2.457440e+04j	0.000000e+00+0.000000e+00j	4.461670e+06+-7.892725e+02j	1.081819e+06+2.429346e+04j	0.000000e+00+0.000000e+00j	2.976614e+06+-4.780177e+02j	-4.644474e+06+2.544940e+04j	-0.000000e+00+0.000000e+00j	-0.000000e+00+0.000000e+00j	-2.890587e+06+2.510644e+04j	1.127568e+06+-2.044911e+02j	3.382703e+06+-6.134733e+02j	-3.097421e+05+2.458694e+04j	1.236531e+06+-2.154652e+02j	3.709594e+06+-6.463955e+02j	8.580192e+05+2.431655e+04j	8.673431e+05+-1.356239e+02j	2.602029e+06+-4.068717e+02j	-3.115801e+06+2.510058e+04j	-0.000000e+00+0.000000e+00j	-0.000000e+00+0.000000e+00j	-2.164539e+06+2.491014e+04j	1.236531e+06+-2.154652e+02j	1.854797e+06+-3.231978e+02j	-5.430725e+05+2.457297e+04j	1.525130e+06+-2.508573e+02j	2.287695e+06+-3.762860e+02j	4.150808e+05+2.434249e+04j	1.204834e+06+-1.706260e+02j	1.807252e+06+-2.559390e+02j	-1.894795e+06+2.477147e+04j	-0.000000e+00+0.000000e+00j	-0.000000e+00+0.000000e+00j	-1.454895e+06+2.467822e+04j	8.673431e+05+-1.356239e+02j	8.673431e+05+-1.356239e+02j	-5.889478e+05+2.448468e+04j	1.204834e+06+-1.706260e+02j	1.204834e+06+-1.706260e+02j	7.184278e+04+2.431084e+04j	1.086770e+06+-1.191719e+02j	1.086770e+06+-1.191719e+02j	
-1.143135e+06+2.449304e+04j	-0.000000e+00+0.000000e+00j	-0.000000e+00+0.000000e+00j	-9.433156e+05+2.444544e+04j	5.304401e+05+-6.196614e+01j	3.978301e+05+-4.647460e+01j	-5.040597e+05+2.433309e+04j	8.090787e+05+-7.615606e+01j	6.068090e+05+-5.711705e+01j	-9.598902e+04+2.420745e+04j	8.182065e+05+-3.927062e+01j	6.136549e+05+-2.945297e+01j	-7.096439e+05+2.423690e+04j	-0.000000e+00+0.000000e+00j	-0.000000e+00+0.000000e+00j	-6.148464e+05+2.420930e+04j	3.173047e+05+-1.188967e+01j	1.903828e+05+-7.133803e+00j	-3.895081e+05+2.413774e+04j	5.177405e+05+-1.656448e+00j	3.106443e+05+-9.938688e-01j	-1.483461e+05+2.404406e+04j	5.721215e+05+3.616312e+01j	3.432729e+05+2.169787e+01j	-4.577507e+05+2.397755e+04j	-0.000000e+00+0.000000e+00j	-0.000000e+00+0.000000e+00j	-4.099164e+05+2.395893e+04j	1.937432e+05+2.108609e+01j	9.687162e+04+1.054305e+01j	-2.898262e+05+2.390755e+04j	3.315624e+05+5.269948e+01j	1.657812e+05+2.634974e+01j	-1.477055e+05+2.383299e+04j	3.914491e+05+9.892375e+01j	1.957245e+05+4.946187e+01j	-3.067061e+05+2.370018e+04j	-0.000000e+00+0.000000e+00j	-0.000000e+00+0.000000e+00j	-2.810186e+05+2.368584e+04j	1.224264e+05+4.403775e+01j	5.246844e+04+1.887332e+01j	-2.139889e+05+2.364475e+04j	2.167559e+05+9.329962e+01j	9.289536e+04+3.998555e+01j	-1.287261e+05+2.358134e+04j	2.687724e+05+1.503726e+02j	1.151882e+05+6.444542e+01j	
-2.127594e+05+2.339711e+04j	-0.000000e+00+0.000000e+00j	-0.000000e+00+0.000000e+00j	-1.981581e+05+2.338496e+04j	8.026315e+04+6.133680e+01j	3.009868e+04+2.300130e+01j	-1.589797e+05+2.334940e+04j	1.456549e+05+1.253690e+02j	5.462058e+04+4.701337e+01j	-1.064466e+05+2.329261e+04j	1.873515e+05+1.936432e+02j	7.025681e+04+7.261621e+01j	-1.522494e+05+2.306456e+04j	-0.000000e+00+0.000000e+00j	-0.000000e+00+0.000000e+00j	-1.435238e+05+2.305361e+04j	5.450312e+04+7.539032e+01j	1.816771e+04+2.513011e+01j	-1.196245e+05+2.302123e+04j	1.007333e+05+1.522066e+02j	3.357776e+04+5.073554e+01j	-8.629451e+04+2.296855e+04j	1.332181e+05+2.313431e+02j	4.440602e+04+7.711437e+01j	-1.120454e+05+2.270085e+04j	-0.000000e+00+0.000000e+00j	-0.000000e+00+0.000000e+00j	-1.065993e+05+2.269063e+04j	3.821824e+04+8.749943e+01j	1.146547e+04+2.624983e+01j	-9.144897e+04+2.266022e+04j	7.162015e+04+1.757525e+02j	2.148604e+04+5.272576e+01j	-6.967989e+04+2.261024e+04j	9.676153e+04+2.652527e+02j	2.902846e+04+7.957581e+01j	-8.460827e+04+2.230545e+04j	-0.000000e+00+0.000000e+00j	-0.000000e+00+0.000000e+00j	-8.107830e+04+2.229571e+04j	2.758303e+04+9.837605e+01j	7.522645e+03+2.682983e+01j	-7.114043e+04+2.226662e+04j	5.224534e+04+1.971303e+02j	1.424873e+04+5.376281e+01j	-5.652696e+04+2.221856e+04j	7.177376e+04+2.965070e+02j	1.957466e+04+8.086554e+01j	
-6.545498e+04+2.187849e+04j	-0.000000e+00+0.000000e+00j	-0.000000e+00+0.000000e+00j	-6.309064e+04+2.186909e+04j	2.042652e+04+1.084181e+02j	5.106629e+03+2.710453e+01j	-5.637174e+04+2.184098e+04j	3.901625e+04+2.169934e+02j	9.754064e+03+5.424836e+01j	-4.631014e+04+2.179438e+04j	5.431441e+04+3.258110e+02j	1.357860e+04+8.145274e+01j	-5.182974e+04+2.142052e+04j	-0.000000e+00+0.000000e+00j	-0.000000e+00+0.000000e+00j	-5.020003e+04+2.141139e+04j	1.547843e+04+1.178529e+02j	3.571944e+03+2.719681e+01j	-4.553407e+04+2.138405e+04j	2.976371e+04+2.357258e+02j	6.868549e+03+5.439825e+01j	-3.844427e+04+2.133868e+04j	4.187757e+04+3.535984e+02j	9.664055e+03+8.159962e+01j	-4.198585e+04+2.093234e+04j	-0.000000e+00+0.000000e+00j	-0.000000e+00+0.000000e+00j	-4.083378e+04+2.092344e+04j	1.197254e+04+1.268120e+02j	2.565545e+03+2.717400e+01j	-3.751540e+04+2.089678e+04j	2.314731e+04+2.535544e+02j	4.960139e+03+5.433308e+01j	-3.241328e+04+2.085248e+04j	3.285191e+04+3.801342e+02j	7.039694e+03+8.145732e+01j	-3.478498e+04+2.041496e+04j	-0.000000e+00+0.000000e+00j	-0.000000e+00+0.000000e+00j	-3.395214e+04+2.040627e+04j	9.433124e+03+1.353727e+02j	1.886625e+03+2.707454e+01j	-3.154140e+04+2.038023e+04j	1.831884e+04+2.706139e+02j	3.663767e+03+5.412278e+01j	-2.779867e+04+2.033692e+04j	2.618533e+04+4.055783e+02j	5.237067e+03+8.111566e+01j	
-2.946647e+04+1.986953e+04j	-0.000000e+00+0.000000e+00j	-0.000000e+00+0.000000e+00j	-2.885229e+04+1.986104e+04j	7.556741e+03+1.435797e+02j	1.416889e+03+2.692120e+01j	-2.706715e+04+1.983558e+04j	1.472901e+04+2.869830e+02j	2.761690e+03+5.380931e+01j	-2.427326e+04+1.979325e+04j	2.117931e+04+4.300250e+02j	3.971120e+03+8.062969e+01j	-2.551046e+04+1.929730e+04j	-0.000000e+00+0.000000e+00j	-0.000000e+00+0.000000e+00j	-2.504934e+04+1.928901e+04j	6.145021e+03+1.514584e+02j	1.084415e+03+2.672795e+01j	-2.370445e+04+1.926413e+04j	1.201427e+04+3.027060e+02j	2.120165e+03+5.341870e+01j	-2.158530e+04+1.922275e+04j	1.736194e+04+4.535270e+02j	3.063872e+03+8.003417e+01j	-2.255433e+04+1.869965e+04j	-0.000000e+00+0.000000e+00j	-0.000000e+00+0.000000e+00j	-2.220246e+04+1.869154e+04j	5.065307e+03+1.590220e+02j	8.442178e+02+2.650367e+01j	-2.117324e+04+1.866725e+04j	9.928992e+03+3.178058e+02j	1.654832e+03+5.296764e+01j	-1.954213e+04+1.862683e+04j	1.440902e+04+4.761103e+02j	2.401504e+03+7.935171e+01j	-2.034044e+04+1.807799e+04j	-0.000000e+00+0.000000e+00j	-0.000000e+00+0.000000e+00j	-2.006794e+04+1.807008e+04j	4.227019e+03+1.662766e+02j	6.674240e+02+2.625419e+01j	-1.926890e+04+1.804638e+04j	8.304037e+03+3.322922e+02j	1.311164e+03+5.246718e+01j	-1.799633e+04+1.800693e+04j	1.209415e+04+4.977841e+02j	1.909602e+03+7.859748e+01j	
9.535327e+05+2.410517e+04j	0.000000e+00+0.000000e+00j	0.000000e+00+0.000000e+00j	6.542172e+05+2.401773e+04j	0.000000e+00+0.000000e+00j	0.000000e+00+0.000000e+00j	4.713383e+05+2.388966e+04j	0.000000e+00+0.000000e+00j	0.000000e+00+0.000000e+00j	3.528915e+05+2.373112e+04j	0.000000e+00+0.000000e+00j	0.000000e+00+0.000000e+00j	9.002941e+05+2.409601e+04j	1.840133e+05+3.250791e+01j	0.000000e+00+0.000000e+00j	6.263791e+05+2.400382e+04j	1.102925e+05+5.582672e+01j	0.000000e+00+0.000000e+00j	4.556078e+05+2.387354e+04j	7.025681e+04+7.261622e+01j	0.000000e+00+0.000000e+00j	3.434340e+05+2.371391e+04j	4.700154e+04+8.607302e+01j	0.000000e+00+0.000000e+00j	7.620844e+05+2.406448e+04j	3.188029e+05+7.425377e+01j	0.000000e+00+0.000000e+00j	5.516612e+05+2.396047e+04j	1.974727e+05+1.159144e+02j	0.000000e+00+0.000000e+00j	4.123947e+05+2.382449e+04j	1.287175e+05+1.473275e+02j	0.000000e+00+0.000000e+00j	3.170131e+05+2.366198e+04j	8.756007e+04+1.732085e+02j	0.000000e+00+0.000000e+00j	5.870696e+05+2.400159e+04j	3.830467e+05+1.291746e+02j	0.000000e+00+0.000000e+00j	4.510907e+05+2.388384e+04j	2.489438e+05+1.825262e+02j	0.000000e+00+0.000000e+00j	3.516558e+05+2.374075e+04j	1.679684e+05+2.253967e+02j	0.000000e+00+0.000000e+00j	2.786787e+05+2.357449e+04j	1.172172e+05+2.620921e+02j	0.000000e+00+0.000000e+00j	
4.195806e+05+2.389915e+04j	3.860238e+05+1.953935e+02j	0.000000e+00+0.000000e+00j	3.468404e+05+2.376996e+04j	2.653294e+05+2.554141e+02j	0.000000e+00+0.000000e+00j	2.849250e+05+2.362038e+04j	1.866521e+05+3.069364e+02j	0.000000e+00+0.000000e+00j	2.346916e+05+2.345051e+04j	1.344519e+05+3.528523e+02j	0.000000e+00+0.000000e+00j	2.834208e+05+2.375298e+04j	3.511512e+05+2.683485e+02j	0.000000e+00+0.000000e+00j	2.541346e+05+2.361626e+04j	2.557073e+05+3.327247e+02j	0.000000e+00+0.000000e+00j	2.214571e+05+2.346195e+04j	1.881211e+05+3.911655e+02j	0.000000e+00+0.000000e+00j	1.906481e+05+2.328932e+04j	1.403485e+05+4.451234e+02j	0.000000e+00+0.000000e+00j	1.835636e+05+2.356257e+04j	3.003409e+05+3.437643e+02j	0.000000e+00+0.000000e+00j	1.795495e+05+2.342194e+04j	2.311227e+05+4.122320e+02j	0.000000e+00+0.000000e+00j	1.666216e+05+2.326489e+04j	1.777863e+05+4.769130e+02j	0.000000e+00+0.000000e+00j	1.504107e+05+2.309060e+04j	1.375090e+05+5.382529e+02j	0.000000e+00+0.000000e+00j	1.149592e+05+2.332942e+04j	2.478017e+05+4.188304e+02j	0.000000e+00+0.000000e+00j	1.234115e+05+2.318748e+04j	2.005364e+05+4.921071e+02j	0.000000e+00+0.000000e+00j	1.222794e+05+2.302936e+04j	1.609126e+05+5.630372e+02j	0.000000e+00+0.000000e+00j	1.159537e+05+2.285451e+04j	1.289244e+05+6.315161e+02j	0.000000e+00+0.000000e+00j	
6.969639e+04+2.305566e+04j	2.005364e+05+4.921071e+02j	0.000000e+00+0.000000e+00j	8.296062e+04+2.291400e+04j	1.696776e+05+5.711372e+02j	0.000000e+00+0.000000e+00j	8.801315e+04+2.275607e+04j	1.415234e+05+6.486341e+02j	0.000000e+00+0.000000e+00j	8.777068e+04+2.258157e+04j	1.172270e+05+7.242585e+02j	0.000000e+00+0.000000e+00j	4.054602e+04+2.274337e+04j	1.609126e+05+5.630372e+02j	0.000000e+00+0.000000e+00j	5.459791e+04+2.260292e+04j	1.415234e+05+6.486341e+02j	0.000000e+00+0.000000e+00j	6.231867e+04+2.244601e+04j	1.222074e+05+7.330747e+02j	0.000000e+00+0.000000e+00j	6.544410e+04+2.227257e+04j	1.043789e+05+8.159555e+02j	0.000000e+00+0.000000e+00j	2.202301e+04+2.239440e+04j	1.289244e+05+6.315161e+02j	0.000000e+00+0.000000e+00j	3.501850e+04+2.225565e+04j	1.172270e+05+7.242585e+02j	0.000000e+00+0.000000e+00j	4.340854e+04+2.210032e+04j	1.043789e+05+8.159555e+02j	0.000000e+00+0.000000e+00j	4.812877e+04+2.192848e+04j	9.166199e+04+9.062145e+02j	0.000000e+00+0.000000e+00j	1.032697e+04+2.201037e+04j	1.036002e+05+6.976250e+02j	0.000000e+00+0.000000e+00j	2.159647e+04+2.187360e+04j	9.692206e+04+7.978672e+02j	0.000000e+00+0.000000e+00j	2.962979e+04+2.172020e+04j	8.864921e+04+8.970284e+02j	0.000000e+00+0.000000e+00j	3.487197e+04+2.155034e+04j	7.980902e+04+9.947502e+02j	0.000000e+00+0.000000e+00j	
2.950382e+03+2.159272e+04j	8.372671e+04+7.614936e+02j	0.000000e+00+0.000000e+00j	1.239883e+04+2.145810e+04j	8.025903e+04+8.694117e+02j	0.000000e+00+0.000000e+00j	1.962201e+04+2.130688e+04j	7.514834e+04+9.761399e+02j	0.000000e+00+0.000000e+00j	2.478601e+04+2.113929e+04j	6.916660e+04+1.081354e+03j	0.000000e+00+0.000000e+00j	-1.717231e+03+2.114282e+04j	6.816424e+04+8.232401e+02j	0.000000e+00+0.000000e+00j	6.063670e+03+2.101046e+04j	6.671459e+04+9.388795e+02j	0.000000e+00+0.000000e+00j	1.233651e+04+2.086161e+04j	6.375244e+04+1.053188e+03j	0.000000e+00+0.000000e+00j	1.711988e+04+2.069653e+04j	5.983660e+04+1.165868e+03j	0.000000e+00+0.000000e+00j	-4.695222e+03+2.066201e+04j	5.595374e+04+8.829512e+02j	0.000000e+00+0.000000e+00j	1.655850e+03+2.053199e+04j	5.574830e+04+1.006264e+03j	0.000000e+00+0.000000e+00j	6.996114e+03+2.038566e+04j	5.422548e+04+1.128096e+03j	0.000000e+00+0.000000e+00j	1.127330e+04+2.022329e+04j	5.178064e+04+1.248165e+03j	0.000000e+00+0.000000e+00j	-6.623835e+03+2.015160e+04j	4.632974e+04+9.406798e+02j	0.000000e+00+0.000000e+00j	-1.457235e+03+2.002401e+04j	4.687150e+04+1.071554e+03j	0.000000e+00+0.000000e+00j	3.038700e+03+1.988034e+04j	4.629954e+04+1.200796e+03j	0.000000e+00+0.000000e+00j	6.783224e+03+1.972085e+04j	4.488951e+04+1.328135e+03j	0.000000e+00+0.000000e+00j	
-7.903486e+03+1.961296e+04j	3.869790e+04+9.964498e+02j	0.000000e+00+0.000000e+00j	-3.699951e+03+1.948790e+04j	3.967009e+04+1.134725e+03j	0.000000e+00+0.000000e+00j	6.377267e+01+1.934700e+04j	3.971597e+04+1.271223e+03j	0.000000e+00+0.000000e+00j	3.300617e+03+1.919054e+04j	3.902580e+04+1.405677e+03j	0.000000e+00+0.000000e+00j	-8.783835e+03+1.904749e+04j	3.260307e+04+1.050262e+03j	0.000000e+00+0.000000e+00j	-5.355724e+03+1.892504e+04j	3.380532e+04+1.195745e+03j	0.000000e+00+0.000000e+00j	-2.211489e+03+1.878704e+04j	3.424358e+04+1.339313e+03j	0.000000e+00+0.000000e+00j	5.662036e+02+1.863376e+04j	3.404818e+04+1.480698e+03j	0.000000e+00+0.000000e+00j	-9.419967e+03+1.845663e+04j	2.769875e+04+1.102099e+03j	0.000000e+00+0.000000e+00j	-6.613442e+03+1.833687e+04j	2.900552e+04+1.254572e+03j	0.000000e+00+0.000000e+00j	-3.985798e+03+1.820189e+04j	2.968440e+04+1.404998e+03j	0.000000e+00+0.000000e+00j	-1.610807e+03+1.805193e+04j	2.982402e+04+1.553108e+03j	0.000000e+00+0.000000e+00j	-9.907638e+03+1.784187e+04j	2.372143e+04+1.151935e+03j	0.000000e+00+0.000000e+00j	-7.598846e+03+1.772490e+04j	2.505516e+04+1.311156e+03j	0.000000e+00+0.000000e+00j	-5.398445e+03+1.759304e+04j	2.587305e+04+1.468210e+03j	0.000000e+00+0.000000e+00j	-3.370049e+03+1.744653e+04j	2.623487e+04+1.622817e+03j	0.000000e+00+0.000000e+00j	
9.002941e+05+2.409601e+04j	0.000000e+00+0.000000e+00j	1.840133e+05+3.250791e+01j	6.263791e+05+2.400382e+04j	0.000000e+00+0.000000e+00j	1.102925e+05+5.582672e+01j	4.556078e+05+2.387354e+04j	0.000000e+00+0.000000e+00j	7.025681e+04+7.261622e+01j	3.434340e+05+2.371391e+04j	0.000000e+00+0.000000e+00j	4.700154e+04+8.607302e+01j	8.508568e+05+2.408613e+04j	1.752472e+05+3.415437e+01j	1.752472e+05+3.415437e+01j	6.000755e+05+2.398963e+04j	1.062371e+05+5.657552e+01j	1.062371e+05+5.657552e+01j	4.405650e+05+2.385730e+04j	6.820846e+04+7.298104e+01j	6.820846e+04+7.298104e+01j	3.343116e+05+2.369665e+04j	4.589122e+04+8.625702e+01j	4.589122e+04+8.625702e+01j	7.221813e+05+2.405282e+04j	3.044603e+05+7.694071e+01j	1.522302e+05+3.847036e+01j	5.293654e+05+2.394555e+04j	1.905301e+05+1.171900e+02j	9.526506e+04+5.859500e+01j	3.991995e+05+2.380792e+04j	1.250979e+05+1.479666e+02j	6.254894e+04+7.398329e+01j	3.088095e+05+2.364456e+04j	8.555220e+04+1.735361e+02j	4.277610e+04+8.676805e+01j	5.584765e+05+2.398781e+04j	3.672791e+05+1.321132e+02j	1.224264e+05+4.403775e+01j	4.339142e+05+2.386798e+04j	2.407894e+05+1.840104e+02j	8.026315e+04+6.133680e+01j	3.409483e+05+2.372375e+04j	1.635093e+05+2.261709e+02j	5.450312e+04+7.539032e+01j	2.717613e+05+2.355688e+04j	1.146547e+05+2.624983e+02j	3.821824e+04+8.749943e+01j	
4.008811e+05+2.388355e+04j	3.718296e+05+1.980143e+02j	9.295741e+04+4.950358e+01j	3.345949e+05+2.375322e+04j	2.573996e+05+2.568341e+02j	6.434989e+04+6.420853e+01j	2.767889e+05+2.360295e+04j	1.820584e+05+3.077121e+02j	4.551461e+04+7.692803e+01j	2.291760e+05+2.343269e+04j	1.316935e+05+3.532689e+02j	3.292339e+04+8.831723e+01j	2.719475e+05+2.373608e+04j	3.398043e+05+2.704095e+02j	6.796087e+04+5.408190e+01j	2.458979e+05+2.359883e+04j	2.488421e+05+3.339210e+02j	4.976843e+04+6.678421e+01j	2.155881e+05+2.344416e+04j	1.838900e+05+3.918483e+02j	3.677801e+04+7.836966e+01j	1.864478e+05+2.327131e+04j	1.376814e+05+4.454961e+02j	2.753628e+04+8.909922e+01j	1.768033e+05+2.354487e+04j	2.918950e+05+3.452553e+02j	4.864917e+04+5.754256e+01j	1.742285e+05+2.340405e+04j	2.256074e+05+4.131505e+02j	3.760124e+04+6.885841e+01j	1.625478e+05+2.324685e+04j	1.741708e+05+4.774549e+02j	2.902846e+04+7.957582e+01j	1.473246e+05+2.307247e+04j	1.351131e+05+5.385476e+02j	2.251885e+04+8.975794e+01j	1.110656e+05+2.331128e+04j	2.417661e+05+4.198450e+02j	3.453801e+04+5.997785e+01j	1.200604e+05+2.316931e+04j	1.963107e+05+4.927595e+02j	2.804439e+04+7.039421e+01j	1.195255e+05+2.301117e+04j	1.579755e+05+5.634265e+02j	2.256793e+04+8.048950e+01j	1.137447e+05+2.283632e+04j	1.268805e+05+6.317177e+02j	1.812579e+04+9.024539e+01j	
6.747717e+04+2.303732e+04j	1.963107e+05+4.927595e+02j	2.453884e+04+6.159493e+01j	8.087894e+04+2.289572e+04j	1.665307e+05+5.715636e+02j	2.081634e+04+7.144545e+01j	8.618152e+04+2.273782e+04j	1.392155e+05+6.488804e+02j	1.740194e+04+8.111005e+01j	8.621715e+04+2.256338e+04j	1.155451e+05+7.243654e+02j	1.444314e+04+9.054568e+01j	3.928401e+04+2.272499e+04j	1.579755e+05+5.634265e+02j	1.755284e+04+6.260294e+01j	5.331118e+04+2.258462e+04j	1.392155e+05+6.488804e+02j	1.546839e+04+7.209782e+01j	6.111015e+04+2.242778e+04j	1.204314e+05+7.331967e+02j	1.338127e+04+8.146630e+01j	6.436272e+04+2.225442e+04j	1.030282e+05+8.159738e+02j	1.144758e+04+9.066376e+01j	2.130321e+04+2.237607e+04j	1.268805e+05+6.317177e+02j	1.268805e+04+6.317177e+01j	3.422185e+04+2.223741e+04j	1.155451e+05+7.243654e+02j	1.155451e+04+7.243654e+01j	4.261231e+04+2.208216e+04j	1.030282e+05+8.159738e+02j	1.030282e+04+8.159738e+01j	4.737922e+04+2.191041e+04j	9.059432e+04+9.061536e+02j	9.059433e+03+9.061536e+01j	9.913755e+03+2.199214e+04j	1.021685e+05+6.976926e+02j	9.288050e+03+6.342660e+01j	2.109995e+04+2.185547e+04j	9.569636e+04+7.978672e+02j	8.699669e+03+7.253339e+01j	2.910320e+04+2.170216e+04j	8.762746e+04+8.969616e+02j	7.966133e+03+8.154196e+01j	3.435203e+04+2.153240e+04j	7.897292e+04+9.946203e+02j	7.179356e+03+9.042003e+01j	
2.710943e+03+2.157464e+04j	8.271407e+04+7.614641e+02j	6.892839e+03+6.345535e+01j	1.208599e+04+2.144011e+04j	7.936223e+04+8.693293e+02j	6.613519e+03+7.244412e+01j	1.927094e+04+2.128899e+04j	7.437597e+04+9.760033e+02j	6.197998e+03+8.133362e+01j	2.442356e+04+2.112150e+04j	6.851479e+04+1.081165e+03j	5.709566e+03+9.009706e+01j	-1.857735e+03+2.112492e+04j	6.743966e+04+8.231387e+02j	5.187666e+03+6.331836e+01j	5.863652e+03+2.099264e+04j	6.605402e+04+9.387327e+02j	5.081078e+03+7.221021e+01j	1.209969e+04+2.084389e+04j	6.316712e+04+1.052994e+03j	4.859010e+03+8.099954e+01j	1.686511e+04+2.067891e+04j	5.932896e+04+1.165627e+03j	4.563766e+03+8.966364e+01j	-4.779114e+03+2.064430e+04j	5.542875e+04+8.827950e+02j	3.959197e+03+6.305679e+01j	1.525575e+03+2.051437e+04j	5.525764e+04+1.006066e+03j	3.946974e+03+7.186187e+01j	6.833963e+03+2.036813e+04j	5.377982e+04+1.127853e+03j	3.841416e+03+8.056097e+01j	1.109218e+04+2.020586e+04j	5.138467e+04+1.247879e+03j	3.670333e+03+8.913421e+01j	-6.675169e+03+2.013411e+04j	4.594444e+04+9.404806e+02j	3.062963e+03+6.269871e+01j	-1.544023e+03+2.000661e+04j	4.650361e+04+1.071314e+03j	3.100241e+03+7.142091e+01j	2.925680e+03+1.986303e+04j	4.595808e+04+1.200513e+03j	3.063872e+03+8.003418e+01j	6.652708e+03+1.970363e+04j	4.457957e+04+1.327809e+03j	2.971972e+03+8.852059e+01j	
-7.936005e+03+1.959571e+04j	3.841148e+04+9.962156e+02j	2.400717e+03+6.226348e+01j	-3.759334e+03+1.947072e+04j	3.939149e+04+1.134450e+03j	2.461969e+03+7.090310e+01j	-1.662227e+01+1.932992e+04j	3.945245e+04+1.270905e+03j	2.465779e+03+7.943157e+01j	3.205082e+03+1.917355e+04j	3.878205e+04+1.405316e+03j	2.423878e+03+8.783225e+01j	-8.805426e+03+1.903049e+04j	3.238745e+04+1.049998e+03j	1.905144e+03+6.176461e+01j	-5.397618e+03+1.890811e+04j	3.359219e+04+1.195439e+03j	1.976011e+03+7.031994e+01j	-2.269969e+03+1.877020e+04j	3.403863e+04+1.338964e+03j	2.002272e+03+7.876258e+01j	4.950716e+02+1.861701e+04j	3.385540e+04+1.480305e+03j	1.991494e+03+8.707678e+01j	-9.435167e+03+1.843988e+04j	2.753444e+04+1.101811e+03j	1.529691e+03+6.121172e+01j	-6.644001e+03+1.832020e+04j	2.884082e+04+1.254239e+03j	1.602268e+03+6.967993e+01j	-4.029356e+03+1.818530e+04j	2.952369e+04+1.404621e+03j	1.640205e+03+7.803449e+01j	-1.664727e+03+1.803544e+04j	2.967058e+04+1.552685e+03j	1.648366e+03+8.626029e+01j	-9.919053e+03+1.782539e+04j	2.359474e+04+1.151624e+03j	1.241828e+03+6.061178e+01j	-7.621919e+03+1.770850e+04j	2.492660e+04+1.310799e+03j	1.311926e+03+6.898944e+01j	-5.431677e+03+1.757672e+04j	2.574598e+04+1.467807e+03j	1.355052e+03+7.725298e+01j	-3.411672e+03+1.743031e+04j	2.611194e+04+1.622367e+03j	1.374313e+03+8.538775e+01j	
7.620844e+05+2.406448e+04j	0.000000e+00+0.000000e+00j	3.188029e+05+7.425377e+01j	5.516612e+05+2.396047e+04j	0.000000e+00+0.000000e+00j	1.974727e+05+1.159144e+02j	4.123947e+05+2.382449e+04j	0.000000e+00+0.000000e+00j	1.287175e+05+1.473275e+02j	3.170131e+05+2.366198e+04j	0.000000e+00+0.000000e+00j	8.756007e+04+1.732085e+02j	7.221813e+05+2.405282e+04j	1.522302e+05+3.847036e+01j	3.044603e+05+7.694071e+01j	5.293654e+05+2.394555e+04j	9.526506e+04+5.859500e+01j	1.905301e+05+1.171900e+02j	3.991995e+05+2.380792e+04j	6.254894e+04+7.398329e+01j	1.250979e+05+1.479666e+02j	3.088095e+05+2.364456e+04j	4.277610e+04+8.676805e+01j	8.555220e+04+1.735361e+02j	6.175670e+05+2.401501e+04j	2.665257e+05+8.403387e+01j	2.665257e+05+8.403387e+01j	4.691622e+05+2.389954e+04j	1.716635e+05+1.206443e+02j	1.716635e+05+1.206443e+02j	3.628101e+05+2.375767e+04j	1.150683e+05+1.497261e+02j	1.150683e+05+1.497261e+02j	2.858316e+05+2.359207e+04j	7.990818e+04+1.744469e+02j	7.990818e+04+1.744469e+02j	4.827264e+05+2.394464e+04j	3.251338e+05+1.399494e+02j	2.167559e+05+9.329962e+01j	3.872261e+05+2.381953e+04j	2.184823e+05+1.880535e+02j	1.456549e+05+1.253690e+02j	3.112901e+05+2.367234e+04j	1.510999e+05+2.283099e+02j	1.007333e+05+1.522066e+02j	2.523278e+05+2.350383e+04j	1.074302e+05+2.636288e+02j	7.162015e+04+1.757525e+02j	
3.507434e+05+2.383568e+04j	3.334277e+05+2.050825e+02j	1.667138e+05+1.025413e+02j	3.010450e+05+2.370244e+04j	2.355339e+05+2.607287e+02j	1.177669e+05+1.303643e+02j	2.541311e+05+2.355037e+04j	1.692056e+05+3.098628e+02j	8.460279e+04+1.549314e+02j	2.136218e+05+2.337907e+04j	1.238878e+05+3.544297e+02j	6.194392e+04+1.772149e+02j	2.408084e+05+2.368482e+04j	3.087256e+05+2.760298e+02j	1.234902e+05+1.104119e+02j	2.231411e+05+2.354622e+04j	2.297524e+05+3.372238e+02j	9.190094e+04+1.348895e+02j	1.991466e+05+2.339063e+04j	1.719821e+05+3.937474e+02j	6.879284e+04+1.574990e+02j	1.745525e+05+2.321722e+04j	1.301021e+05+4.465341e+02j	5.204085e+04+1.786136e+02j	1.582443e+05+2.349149e+04j	2.684927e+05+3.493610e+02j	8.949755e+04+1.164537e+02j	1.594050e+05+2.335020e+04j	2.101442e+05+4.157003e+02j	7.004806e+04+1.385668e+02j	1.510665e+05+2.319263e+04j	1.639344e+05+4.789648e+02j	5.464479e+04+1.596549e+02j	1.385454e+05+2.301805e+04j	1.282746e+05+5.393656e+02j	4.275820e+04+1.797885e+02j	1.002664e+05+2.325674e+04j	2.248670e+05+4.226594e+02j	6.424770e+04+1.207598e+02j	1.106518e+05+2.311475e+04j	1.843710e+05+4.945765e+02j	5.267742e+04+1.413076e+02j	1.117183e+05+2.295657e+04j	1.496117e+05+5.645096e+02j	4.274618e+04+1.612884e+02j	1.074325e+05+2.278174e+04j	1.210212e+05+6.322710e+02j	3.457750e+04+1.806489e+02j	
6.126672e+04+2.298227e+04j	1.843710e+05+4.945765e+02j	4.609274e+04+1.236441e+02j	7.499286e+04+2.284084e+04j	1.575768e+05+5.727505e+02j	3.939420e+04+1.431876e+02j	8.095991e+04+2.268309e+04j	1.326080e+05+6.495594e+02j	3.315200e+04+1.623898e+02j	8.175854e+04+2.250880e+04j	1.107032e+05+7.246475e+02j	2.767581e+04+1.811619e+02j	3.572504e+04+2.266984e+04j	1.496117e+05+5.645096e+02j	3.324703e+04+1.254466e+02j	4.964968e+04+2.252973e+04j	1.326080e+05+6.495594e+02j	2.946844e+04+1.443465e+02j	5.764720e+04+2.237312e+04j	1.153215e+05+7.335215e+02j	2.562699e+04+1.630048e+02j	6.124640e+04+2.220000e+04j	9.912482e+04+8.160006e+02j	2.202774e+04+1.813335e+02j	1.925991e+04+2.232108e+04j	1.210212e+05+6.322710e+02j	2.420425e+04+1.264542e+02j	3.194207e+04+2.218271e+04j	1.107032e+05+7.246475e+02j	2.214065e+04+1.449295e+02j	4.032005e+04+2.202773e+04j	9.912482e+04+8.160006e+02j	1.982496e+04+1.632001e+02j	4.521088e+04+2.185626e+04j	8.749772e+04+9.059511e+02j	1.749954e+04+1.811902e+02j	8.734085e+03+2.193749e+04j	9.804115e+04+6.978637e+02j	1.782566e+04+1.268843e+02j	1.967185e+04+2.180110e+04j	9.215124e+04+7.978425e+02j	1.675477e+04+1.450623e+02j	2.758075e+04+2.164808e+04j	8.466299e+04+8.967421e+02j	1.539327e+04+1.630440e+02j	3.284255e+04+2.147861e+04j	7.653997e+04+9.942166e+02j	1.391636e+04+1.807667e+02j	
2.023963e+03+2.152044e+04j	7.978069e+04+7.613561e+02j	1.329678e+04+1.268927e+02j	1.118212e+04+2.138619e+04j	7.675775e+04+8.690662e+02j	1.279296e+04+1.448444e+02j	1.825198e+04+2.123535e+04j	7.212726e+04+9.755811e+02j	1.202121e+04+1.625969e+02j	2.336788e+04+2.106816e+04j	6.661253e+04+1.080586e+03j	1.110209e+04+1.800977e+02j	-2.262690e+03+2.107125e+04j	6.533214e+04+8.228223e+02j	1.005110e+04+1.265880e+02j	5.283352e+03+2.093924e+04j	6.412879e+04+9.382819e+02j	9.865968e+03+1.443511e+02j	1.140990e+04+2.079077e+04j	6.145778e+04+1.052404e+03j	9.455043e+03+1.619082e+02j	1.612080e+04+2.062609e+04j	5.784357e+04+1.164897e+03j	8.899011e+03+1.792149e+02j	-5.021946e+03+2.059123e+04j	5.389645e+04+8.823187e+02j	7.699492e+03+1.260455e+02j	1.146164e+03+2.046155e+04j	5.382321e+04+1.005464e+03j	7.689030e+03+1.436378e+02j	6.360120e+03+2.031560e+04j	5.247479e+04+1.127122e+03j	7.496398e+03+1.610174e+02j	1.056161e+04+2.015362e+04j	5.022329e+04+1.247016e+03j	7.174755e+03+1.781451e+02j	-6.824401e+03+2.008169e+04j	4.481652e+04+9.398779e+02j	5.975536e+03+1.253171e+02j	-1.797695e+03+1.995444e+04j	4.542520e+04+1.070588e+03j	6.056694e+03+1.427450e+02j	2.594412e+03+1.981113e+04j	4.495583e+04+1.199660e+03j	5.994111e+03+1.599547e+02j	6.269376e+03+1.965203e+04j	4.366864e+04+1.326828e+03j	5.822485e+03+1.769104e+02j	
-8.030968e+03+1.954399e+04j	3.757084e+04+9.955098e+02j	4.696355e+03+1.244387e+02j	-3.933499e+03+1.941924e+04j	3.857295e+04+1.133619e+03j	4.821619e+03+1.417024e+02j	-2.529189e+02+1.927870e+04j	3.867738e+04+1.269947e+03j	4.834673e+03+1.587434e+02j	2.923835e+03+1.912263e+04j	3.806432e+04+1.404230e+03j	4.758040e+03+1.755287e+02j	-8.868775e+03+1.897951e+04j	3.175322e+04+1.049206e+03j	3.735673e+03+1.234360e+02j	-5.520882e+03+1.885736e+04j	3.296474e+04+1.194518e+03j	3.878205e+03+1.405316e+02j	-2.442293e+03+1.871971e+04j	3.343468e+04+1.337913e+03j	3.933492e+03+1.574015e+02j	2.852170e+02+1.856681e+04j	3.328680e+04+1.479124e+03j	3.916094e+03+1.740146e+02j	-9.479972e+03+1.838968e+04j	2.705020e+04+1.100944e+03j	3.005578e+03+1.223271e+02j	-6.734181e+03+1.827023e+04j	2.835506e+04+1.253239e+03j	3.150563e+03+1.392487e+02j	-4.158004e+03+1.813558e+04j	2.904934e+04+1.403487e+03j	3.227704e+03+1.559429e+02j	-1.824113e+03+1.798600e+04j	2.921738e+04+1.551417e+03j	3.246375e+03+1.723796e+02j	-9.952850e+03+1.777601e+04j	2.322074e+04+1.150691e+03j	2.444288e+03+1.211254e+02j	-7.690191e+03+1.765934e+04j	2.454684e+04+1.309728e+03j	2.583878e+03+1.378661e+02j	-5.530031e+03+1.752781e+04j	2.537039e+04+1.466596e+03j	2.670567e+03+1.543786e+02j	-3.534920e+03+1.738168e+04j	2.574836e+04+1.621018e+03j	2.710354e+03+1.706335e+02j	
5.870696e+05+2.400159e+04j	0.000000e+00+0.000000e+00j	3.830467e+05+1.291746e+02j	4.510907e+05+2.388384e+04j	0.000000e+00+0.000000e+00j	2.489438e+05+1.825262e+02j	3.516558e+05+2.374075e+04j	0.000000e+00+0.000000e+00j	1.679684e+05+2.253967e+02j	2.786787e+05+2.357449e+04j	0.000000e+00+0.000000e+00j	1.172172e+05+2.620921e+02j	5.584765e+05+2.398781e+04j	1.224264e+05+4.403775e+01j	3.672791e+05+1.321132e+02j	4.339142e+05+2.386798e+04j	8.026315e+04+6.133680e+01j	2.407894e+05+1.840104e+02j	3.409483e+05+2.372375e+04j	5.450312e+04+7.539032e+01j	1.635093e+05+2.261709e+02j	2.717613e+05+2.355688e+04j	3.821824e+04+8.749943e+01j	1.146547e+05+2.624983e+02j	4.827264e+05+2.394464e+04j	2.167559e+05+9.329962e+01j	3.251338e+05+1.399494e+02j	3.872261e+05+2.381953e+04j	1.456549e+05+1.253690e+02j	2.184823e+05+1.880535e+02j	3.112901e+05+2.367234e+04j	1.007333e+05+1.522066e+02j	1.510999e+05+2.283099e+02j	2.523278e+05+2.350383e+04j	7.162015e+04+1.757525e+02j	1.074302e+05+2.636288e+02j	3.832213e+05+2.386777e+04j	2.687724e+05+1.503726e+02j	2.687724e+05+1.503726e+02j	3.229006e+05+2.373638e+04j	1.873515e+05+1.936432e+02j	1.873515e+05+1.936432e+02j	2.689536e+05+2.358547e+04j	1.332181e+05+2.313431e+02j	1.332181e+05+2.313431e+02j	2.238301e+05+2.341484e+04j	9.676153e+04+2.652527e+02j	9.676153e+04+2.652527e+02j	
2.834208e+05+2.375298e+04j	2.809210e+05+2.146788e+02j	2.106907e+05+1.610091e+02j	2.541345e+05+2.361626e+04j	2.045659e+05+2.661798e+02j	1.534244e+05+1.996349e+02j	2.214571e+05+2.346195e+04j	1.504969e+05+3.129324e+02j	1.128727e+05+2.346993e+02j	1.906481e+05+2.328932e+04j	1.122788e+05+3.560987e+02j	8.420912e+04+2.670740e+02j	1.980461e+05+2.359782e+04j	2.652551e+05+2.838151e+02j	1.591531e+05+1.702891e+02j	1.908169e+05+2.345764e+04j	2.022872e+05+3.419023e+02j	1.213723e+05+2.051414e+02j	1.751695e+05+2.330091e+04j	1.544553e+05+3.964724e+02j	9.267319e+04+2.378834e+02j	1.568392e+05+2.312682e+04j	1.187394e+05+4.480234e+02j	7.124364e+04+2.688141e+02j	1.322087e+05+2.340175e+04j	2.350443e+05+3.551488e+02j	1.175222e+05+1.775744e+02j	1.380180e+05+2.325998e+04j	1.875476e+05+4.193474e+02j	9.377379e+04+2.096737e+02j	1.341289e+05+2.310202e+04j	1.486959e+05+4.811358e+02j	7.434795e+04+2.405679e+02j	1.253596e+05+2.292723e+04j	1.179361e+05+5.405284e+02j	5.896806e+04+2.702642e+02j	8.482180e+04+2.316552e+04j	2.002358e+05+4.266793e+02j	8.581534e+04+1.828625e+02j	9.687544e+04+2.302360e+04j	1.666657e+05+4.971886e+02j	7.142815e+04+2.130808e+02j	1.000703e+05+2.286548e+04j	1.370226e+05+5.660588e+02j	5.872398e+04+2.425966e+02j	9.786993e+04+2.269075e+04j	1.120887e+05+6.330358e+02j	4.803801e+04+2.713011e+02j	
5.223286e+04+2.289043e+04j	1.666657e+05+4.971886e+02j	6.249964e+04+1.864457e+02j	6.625679e+04+2.274934e+04j	1.441206e+05+5.744508e+02j	5.404524e+04+2.154190e+02j	7.308613e+04+2.259188e+04j	1.225591e+05+6.505088e+02j	4.595966e+04+2.439408e+02j	7.494717e+04+2.241789e+04j	1.032621e+05+7.249993e+02j	3.872327e+04+2.718747e+02j	3.047155e+04+2.257796e+04j	1.370226e+05+5.660588e+02j	4.567421e+04+1.886863e+02j	4.414856e+04+2.243829e+04j	1.225591e+05+6.505088e+02j	4.085303e+04+2.168363e+02j	5.237341e+04+2.228209e+04j	1.074760e+05+7.339364e+02j	3.582533e+04+2.446454e+02j	5.644755e+04+2.210938e+04j	9.308027e+04+8.159587e+02j	3.102675e+04+2.719862e+02j	1.620531e+04+2.222954e+04j	1.120887e+05+6.330358e+02j	3.362661e+04+1.899107e+02j	2.847923e+04+2.209164e+04j	1.032621e+05+7.249993e+02j	3.097861e+04+2.174998e+02j	3.679726e+04+2.193712e+04j	9.308027e+04+8.159587e+02j	2.792408e+04+2.447876e+02j	4.184682e+04+2.176611e+04j	8.266897e+04+9.055515e+02j	2.480069e+04+2.716654e+02j	6.951090e+03+2.184654e+04j	9.167992e+04+6.980515e+02j	2.500361e+04+1.903777e+02j	1.748131e+04+2.171062e+04j	8.665283e+04+7.977243e+02j	2.363259e+04+2.175612e+02j	2.522154e+04+2.155807e+04j	8.003725e+04+8.963177e+02j	2.182834e+04+2.444503e+02j	3.048441e+04+2.138909e+04j	7.272197e+04+9.935000e+02j	1.983326e+04+2.709545e+02j	
9.754999e+02+2.143025e+04j	7.521752e+04+7.611150e+02j	1.880438e+04+1.902788e+02j	9.783333e+03+2.129645e+04j	7.268598e+04+8.685777e+02j	1.817150e+04+2.171444e+02j	1.666095e+04+2.114609e+04j	6.859457e+04+9.748378e+02j	1.714864e+04+2.437094e+02j	2.170808e+04+2.097940e+04j	6.361019e+04+1.079591e+03j	1.590255e+04+2.698979e+02j	-2.886243e+03+2.098196e+04j	6.202757e+04+8.222564e+02j	1.431405e+04+1.897515e+02j	4.377995e+03+2.085038e+04j	6.109809e+04+9.374980e+02j	1.409956e+04+2.163457e+02j	1.032534e+04+2.070238e+04j	5.875635e+04+1.051393e+03j	1.355916e+04+2.426291e+02j	1.494362e+04+2.053821e+04j	5.548711e+04+1.163658e+03j	1.280472e+04+2.685365e+02j	-5.399059e+03+2.050293e+04j	5.147746e+04+8.815004e+02j	1.103088e+04+1.888929e+02j	5.497421e+02+2.037368e+04j	5.155153e+04+1.004440e+03j	1.104676e+04+2.152372e+02j	5.610297e+03+2.022818e+04j	5.040145e+04+1.125884e+03j	1.080031e+04+2.412609e+02j	9.717875e+03+2.006670e+04j	4.837236e+04+1.245562e+03j	1.036551e+04+2.669062e+02j	-7.058156e+03+1.999448e+04j	4.302550e+04+9.388578e+02j	8.605099e+03+1.877716e+02j	-2.199305e+03+1.986763e+04j	4.370843e+04+1.069364e+03j	8.741685e+03+2.138729e+02j	2.067086e+03+1.972477e+04j	4.335611e+04+1.198227e+03j	8.671222e+03+2.396455e+02j	5.656725e+03+1.956616e+04j	4.221089e+04+1.325183e+03j	8.442177e+03+2.650367e+02j	
-8.181059e+03+1.945794e+04j	3.622928e+04+9.943236e+02j	6.792990e+03+1.864357e+02j	-4.211098e+03+1.933359e+04j	3.726391e+04+1.132226e+03j	6.986983e+03+2.122925e+02j	-6.311316e+02+1.919349e+04j	3.743519e+04+1.268344e+03j	7.019098e+03+2.378144e+02j	2.472262e+03+1.903790e+04j	3.691153e+04+1.402413e+03j	6.920913e+03+2.629525e+02j	-8.969843e+03+1.889469e+04j	3.073663e+04+1.047879e+03j	5.424111e+03+1.849198e+02j	-5.718601e+03+1.877293e+04j	3.195729e+04+1.192978e+03j	5.639522e+03+2.105256e+02j	-2.719504e+03+1.863571e+04j	3.246325e+04+1.336157e+03j	5.728808e+03+2.357925e+02j	-5.314782e+01+1.848329e+04j	3.237056e+04+1.477151e+03j	5.712451e+03+2.606737e+02j	-9.552127e+03+1.830617e+04j	2.627108e+04+1.099495e+03j	4.378513e+03+1.832491e+02j	-6.879682e+03+1.818709e+04j	2.757240e+04+1.251568e+03j	4.595399e+03+2.085947e+02j	-4.365905e+03+1.805287e+04j	2.828391e+04+1.401593e+03j	4.713985e+03+2.335989e+02j	-2.082081e+03+1.790376e+04j	2.848496e+04+1.549300e+03j	4.747492e+03+2.582167e+02j	-1.000774e+04+1.769386e+04j	2.261699e+04+1.149134e+03j	3.571103e+03+1.814422e+02j	-7.800922e+03+1.757755e+04j	2.393308e+04+1.307940e+03j	3.778907e+03+2.065169e+02j	-5.689623e+03+1.744644e+04j	2.476259e+04+1.464578e+03j	3.909882e+03+2.312491e+02j	-3.735076e+03+1.730077e+04j	2.515925e+04+1.618769e+03j	3.972513e+03+2.555951e+02j	
0.000000e+00+0.000000e+00j	-6.262762e+08+1.437500e+05j	0.000000e+00+0.000000e+00j	0.000000e+00+0.000000e+00j	-1.494451e+08+5.313690e+04j	-0.000000e+00+0.000000e+00j	-0.000000e+00+0.000000e+00j	-1.857144e+07+2.821246e+04j	-0.000000e+00+0.000000e+00j	-0.000000e+00+0.000000e+00j	-5.450008e+06+2.562192e+04j	-0.000000e+00+0.000000e+00j	0.000000e+00+0.000000e+00j	3.000702e+08+-3.226071e+04j	0.000000e+00+0.000000e+00j	7.951624e+07+-1.509822e+04j	2.678299e+07+1.964400e+04j	0.000000e+00+0.000000e+00j	1.612490e+07+-3.044188e+03j	-5.200451e+06+2.566224e+04j	0.000000e+00+0.000000e+00j	4.289987e+06+-7.858480e+02j	-3.214478e+06+2.518745e+04j	0.000000e+00+0.000000e+00j	0.000000e+00+0.000000e+00j	3.772938e+07+1.755444e+04j	0.000000e+00+0.000000e+00j	1.612490e+07+-3.044188e+03j	1.898690e+07+2.109596e+04j	0.000000e+00+0.000000e+00j	9.979105e+06+-1.857003e+03j	3.463514e+06+2.398686e+04j	0.000000e+00+0.000000e+00j	4.461670e+06+-7.892725e+02j	-1.413550e+05+2.457440e+04j	0.000000e+00+0.000000e+00j	0.000000e+00+0.000000e+00j	1.128715e+07+2.252964e+04j	0.000000e+00+0.000000e+00j	4.289987e+06+-7.858480e+02j	8.225486e+06+2.309185e+04j	0.000000e+00+0.000000e+00j	4.461670e+06+-7.892725e+02j	3.576703e+06+2.391667e+04j	0.000000e+00+0.000000e+00j	2.976614e+06+-4.780177e+02j	1.081819e+06+2.429346e+04j	0.000000e+00+0.000000e+00j	
0.000000e+00+0.000000e+00j	4.824837e+06+2.368928e+04j	0.000000e+00+0.000000e+00j	1.525130e+06+-2.508573e+02j	4.032318e+06+2.382040e+04j	0.000000e+00+0.000000e+00j	2.035923e+06+-3.090576e+02j	2.459915e+06+2.406083e+04j	0.000000e+00+0.000000e+00j	1.754067e+06+-2.167872e+02j	1.195621e+06+2.420399e+04j	0.000000e+00+0.000000e+00j	0.000000e+00+0.000000e+00j	2.511171e+06+2.404140e+04j	0.000000e+00+0.000000e+00j	6.630501e+05+-7.745768e+01j	2.239325e+06+2.407364e+04j	0.000000e+00+0.000000e+00j	1.011348e+06+-9.519508e+01j	1.619772e+06+2.413318e+04j	0.000000e+00+0.000000e+00j	1.022758e+06+-4.908828e+01j	9.949529e+05+2.415509e+04j	0.000000e+00+0.000000e+00j	0.000000e+00+0.000000e+00j	1.481537e+06+2.413042e+04j	0.000000e+00+0.000000e+00j	3.318330e+05+-5.003280e+00j	1.369016e+06+2.413245e+04j	0.000000e+00+0.000000e+00j	5.472682e+05+1.201045e+01j	1.091191e+06+2.412724e+04j	0.000000e+00+0.000000e+00j	6.136351e+05+5.715041e+01j	7.695195e+05+2.409185e+04j	0.000000e+00+0.000000e+00j	0.000000e+00+0.000000e+00j	9.535327e+05+2.410517e+04j	0.000000e+00+0.000000e+00j	1.840133e+05+3.250791e+01j	9.002941e+05+2.409601e+04j	0.000000e+00+0.000000e+00j	3.188029e+05+7.425377e+01j	7.620844e+05+2.406448e+04j	0.000000e+00+0.000000e+00j	3.830467e+05+1.291746e+02j	5.870696e+05+2.400159e+04j	0.000000e+00+0.000000e+00j	
0.000000e+00+0.000000e+00j	6.542172e+05+2.401773e+04j	0.000000e+00+0.000000e+00j	1.102925e+05+5.582672e+01j	6.263791e+05+2.400382e+04j	0.000000e+00+0.000000e+00j	1.974727e+05+1.159144e+02j	5.516612e+05+2.396047e+04j	0.000000e+00+0.000000e+00j	2.489438e+05+1.825262e+02j	4.510907e+05+2.388384e+04j	0.000000e+00+0.000000e+00j	0.000000e+00+0.000000e+00j	4.713383e+05+2.388966e+04j	0.000000e+00+0.000000e+00j	7.025681e+04+7.261622e+01j	4.556078e+05+2.387354e+04j	0.000000e+00+0.000000e+00j	1.287175e+05+1.473275e+02j	4.123947e+05+2.382449e+04j	0.000000e+00+0.000000e+00j	1.679684e+05+2.253967e+02j	3.516558e+05+2.374075e+04j	0.000000e+00+0.000000e+00j	0.000000e+00+0.000000e+00j	3.528915e+05+2.373112e+04j	0.000000e+00+0.000000e+00j	4.700154e+04+8.607302e+01j	3.434340e+05+2.371391e+04j	0.000000e+00+0.000000e+00j	8.756007e+04+1.732085e+02j	3.170131e+05+2.366198e+04j	0.000000e+00+0.000000e+00j	1.172172e+05+2.620921e+02j	2.786787e+05+2.357449e+04j	0.000000e+00+0.000000e+00j	0.000000e+00+0.000000e+00j	2.724994e+05+2.354742e+04j	0.000000e+00+0.000000e+00j	3.273791e+04+9.766205e+01j	2.665173e+05+2.352967e+04j	0.000000e+00+0.000000e+00j	6.175336e+04+1.958543e+02j	2.495944e+05+2.347627e+04j	0.000000e+00+0.000000e+00j	8.428758e+04+2.949242e+02j	2.244462e+05+2.338684e+04j	0.000000e+00+0.000000e+00j	
0.000000e+00+0.000000e+00j	2.157937e+05+2.334164e+04j	0.000000e+00+0.000000e+00j	2.358723e+04+1.081057e+02j	2.118461e+05+2.332362e+04j	0.000000e+00+0.000000e+00j	4.491981e+04+2.164476e+02j	2.005708e+05+2.326951e+04j	0.000000e+00+0.000000e+00j	6.223951e+04+3.251679e+02j	1.835031e+05+2.317917e+04j	0.000000e+00+0.000000e+00j	0.000000e+00+0.000000e+00j	1.744822e+05+2.311569e+04j	0.000000e+00+0.000000e+00j	1.749095e+04+1.177809e+02j	1.717818e+05+2.309758e+04j	0.000000e+00+0.000000e+00j	3.356016e+04+2.356248e+02j	1.640107e+05+2.304320e+04j	0.000000e+00+0.000000e+00j	4.705496e+04+3.535442e+02j	1.520751e+05+2.295254e+04j	0.000000e+00+0.000000e+00j	0.000000e+00+0.000000e+00j	1.435454e+05+2.287094e+04j	0.000000e+00+0.000000e+00j	1.329678e+04+1.268927e+02j	1.416402e+05+2.285282e+04j	0.000000e+00+0.000000e+00j	2.566536e+04+2.537401e+02j	1.361243e+05+2.279844e+04j	0.000000e+00+0.000000e+00j	3.632988e+04+3.804684e+02j	1.275536e+05+2.270786e+04j	0.000000e+00+0.000000e+00j	0.000000e+00+0.000000e+00j	1.198198e+05+2.260840e+04j	0.000000e+00+0.000000e+00j	1.033000e+04+1.355560e+02j	1.184389e+05+2.259033e+04j	0.000000e+00+0.000000e+00j	2.003535e+04+2.709947e+02j	1.144217e+05+2.253612e+04j	0.000000e+00+0.000000e+00j	2.858107e+04+4.061824e+02j	1.081204e+05+2.244587e+04j	0.000000e+00+0.000000e+00j	
0.000000e+00+0.000000e+00j	1.012423e+05+2.232890e+04j	0.000000e+00+0.000000e+00j	8.179908e+03+1.438360e+02j	1.002175e+05+2.231092e+04j	0.000000e+00+0.000000e+00j	1.592809e+04+2.875041e+02j	9.722438e+04+2.225701e+04j	0.000000e+00+0.000000e+00j	2.286739e+04+4.308264e+02j	9.249293e+04+2.216727e+04j	0.000000e+00+0.000000e+00j	0.000000e+00+0.000000e+00j	8.642682e+04+2.203318e+04j	0.000000e+00+0.000000e+00j	6.588011e+03+1.517694e+02j	8.565023e+04+2.201532e+04j	0.000000e+00+0.000000e+00j	1.287047e+04+3.033332e+02j	8.337456e+04+2.196179e+04j	0.000000e+00+0.000000e+00j	1.857608e+04+4.544799e+02j	7.975399e+04+2.187269e+04j	0.000000e+00+0.000000e+00j	0.000000e+00+0.000000e+00j	7.441780e+04+2.172191e+04j	0.000000e+00+0.000000e+00j	5.386742e+03+1.593762e+02j	7.381823e+04+2.170420e+04j	0.000000e+00+0.000000e+00j	1.055260e+04+3.185173e+02j	7.205644e+04+2.165111e+04j	0.000000e+00+0.000000e+00j	1.529877e+04+4.771847e+02j	6.923827e+04+2.156276e+04j	0.000000e+00+0.000000e+00j	0.000000e+00+0.000000e+00j	6.454117e+04+2.139573e+04j	0.000000e+00+0.000000e+00j	4.464621e+03+1.666661e+02j	6.407048e+04+2.137818e+04j	0.000000e+00+0.000000e+00j	8.766487e+03+3.330731e+02j	6.268419e+04+2.132559e+04j	0.000000e+00+0.000000e+00j	1.275741e+04+4.989599e+02j	6.045650e+04+2.123807e+04j	0.000000e+00+0.000000e+00j	
0.000000e+00+0.000000e+00j	-1.494451e+08+5.313690e+04j	-0.000000e+00+0.000000e+00j	-0.000000e+00+0.000000e+00j	-5.273325e+07+3.474222e+04j	0.000000e+00+0.000000e+00j	-0.000000e+00+0.000000e+00j	-1.326290e+07+2.718433e+04j	0.000000e+00+0.000000e+00j	-0.000000e+00+0.000000e+00j	-4.644474e+06+2.544940e+04j	0.000000e+00+0.000000e+00j	0.000000e+00+0.000000e+00j	2.678299e+07+1.964400e+04j	7.951624e+07+-1.509822e+04j	2.887449e+07+-5.476352e+03j	2.261924e+05+2.467023e+04j	2.887449e+07+-5.476352e+03j	1.022897e+07+-1.923973e+03j	-4.955489e+06+2.559619e+04j	5.114483e+06+-9.619866e+02j	3.382703e+06+-6.134733e+02j	-2.890587e+06+2.510644e+04j	1.127568e+06+-2.044911e+02j	0.000000e+00+0.000000e+00j	1.898690e+07+2.109596e+04j	1.612490e+07+-3.044188e+03j	1.022897e+07+-1.923973e+03j	1.038796e+07+2.271023e+04j	1.022897e+07+-1.923973e+03j	7.438736e+06+-1.374347e+03j	1.988728e+06+2.424757e+04j	3.719368e+06+-6.871737e+02j	3.709594e+06+-6.463955e+02j	-3.097421e+05+2.458694e+04j	1.236531e+06+-2.154652e+02j	0.000000e+00+0.000000e+00j	8.225486e+06+2.309185e+04j	4.289987e+06+-7.858480e+02j	3.382703e+06+-6.134733e+02j	6.129953e+06+2.347051e+04j	3.382703e+06+-6.134733e+02j	3.709594e+06+-6.463955e+02j	2.781586e+06+2.404828e+04j	1.854797e+06+-3.231978e+02j	2.602029e+06+-4.068717e+02j	8.580192e+05+2.431655e+04j	8.673431e+05+-1.356239e+02j	
0.000000e+00+0.000000e+00j	4.032318e+06+2.382040e+04j	1.525130e+06+-2.508573e+02j	1.322940e+06+-2.124523e+02j	3.396963e+06+2.392167e+04j	1.322940e+06+-2.124523e+02j	1.803355e+06+-2.648919e+02j	2.111238e+06+2.410765e+04j	9.016774e+05+-1.324459e+02j	1.591320e+06+-1.858984e+02j	1.045835e+06+2.421307e+04j	5.304401e+05+-6.196614e+01j	0.000000e+00+0.000000e+00j	2.239325e+06+2.407364e+04j	6.630501e+05+-7.745768e+01j	6.037614e+05+-6.620659e+01j	2.003879e+06+2.409897e+04j	6.037614e+05+-6.620659e+01j	9.297981e+05+-7.972801e+01j	1.462435e+06+2.414369e+04j	4.648991e+05+-3.986401e+01j	9.519139e+05+-3.566901e+01j	9.082159e+05+2.415223e+04j	3.173047e+05+-1.188967e+01j	0.000000e+00+0.000000e+00j	1.369016e+06+2.413245e+04j	3.318330e+05+-5.003280e+00j	3.106443e+05+-9.938574e-01j	1.267261e+06+2.413244e+04j	3.106443e+05+-9.938574e-01j	5.148610e+05+1.813500e+01j	1.014852e+06+2.412242e+04j	2.574305e+05+9.067502e+00j	5.812297e+05+6.325828e+01j	7.202525e+05+2.408194e+04j	1.937432e+05+2.108609e+01j	0.000000e+00+0.000000e+00j	9.002941e+05+2.409601e+04j	1.840133e+05+3.250791e+01j	1.752472e+05+3.415437e+01j	8.508568e+05+2.408613e+04j	1.752472e+05+3.415437e+01j	3.044603e+05+7.694071e+01j	7.221813e+05+2.405282e+04j	1.522302e+05+3.847036e+01j	3.672791e+05+1.321132e+02j	5.584765e+05+2.398781e+04j	1.224264e+05+4.403775e+01j	
0.000000e+00+0.000000e+00j	6.263791e+05+2.400382e+04j	1.102925e+05+5.582672e+01j	1.062371e+05+5.657552e+01j	6.000755e+05+2.398963e+04j	1.062371e+05+5.657552e+01j	1.905301e+05+1.171900e+02j	5.293654e+05+2.394555e+04j	9.526506e+04+5.859500e+01j	2.407894e+05+1.840104e+02j	4.339142e+05+2.386798e+04j	8.026315e+04+6.133680e+01j	0.000000e+00+0.000000e+00j	4.556078e+05+2.387354e+04j	7.025681e+04+7.261622e+01j	6.820846e+04+7.298104e+01j	4.405650e+05+2.385730e+04j	6.820846e+04+7.298104e+01j	1.250979e+05+1.479666e+02j	3.991995e+05+2.380792e+04j	6.254894e+04+7.398329e+01j	1.635093e+05+2.261709e+02j	3.409483e+05+2.372375e+04j	5.450312e+04+7.539032e+01j	0.000000e+00+0.000000e+00j	3.434340e+05+2.371391e+04j	4.700154e+04+8.607302e+01j	4.589122e+04+8.625702e+01j	3.343116e+05+2.369665e+04j	4.589122e+04+8.625702e+01j	8.555220e+04+1.735361e+02j	3.088095e+05+2.364456e+04j	4.277610e+04+8.676805e+01j	1.146547e+05+2.624983e+02j	2.717613e+05+2.355688e+04j	3.821824e+04+8.749943e+01j	0.000000e+00+0.000000e+00j	2.665173e+05+2.352967e+04j	3.273791e+04+9.766205e+01j	3.210007e+04+9.775372e+01j	2.607101e+05+2.351189e+04j	3.210007e+04+9.775372e+01j	6.057982e+04+1.960183e+02j	2.442740e+05+2.345842e+04j	3.028991e+04+9.800914e+01j	8.274909e+04+2.951281e+02j	2.198275e+05+2.336890e+04j	2.758303e+04+9.837605e+01j	
