280,D,17452,125084,142536
280,D,17448,124956,142404
16,D,17452,6244,23700
16,D,17448,6208,23660
16,D,17448,6212,23664
16,D,17448,6212,23664
16,D,17448,708,18156
16,D,17448,708,18156
16,D,17448,748,18196
16,D,17448,748,18196
16,D,17448,748,18196
16,D,17444,748,18192
16,D,17448,748,18196
16,D,17444,744,18188
16,D,17448,748,18196
16,D,17448,748,18196
16,D,17448,748,18196
16,D,17448,748,18196
16,D,17444,6224,23672
16,D,17444,6208,23656
16,D,17448,6208,23660
16,D,17448,6204,23656
16,D,17448,6208,23660
16,D,17448,6212,23664
16,D,17444,6208,23656
16,D,17448,6216,23668
16,D,17448,6212,23664
72,D,17448,15916,33364
72,D,17448,15904,33352
72,D,17448,15916,33364
72,D,17448,15920,33368
72,D,17448,15912,33360
16,D,17448,6208,23660
16,D,17448,6212,23664
72,D,17448,15920,33368
72,I,17448,7300,24748
72,I,17444,7300,24744
72,I,17448,7300,24748
72,D,17444,15908,33352
16,D,17444,6208,23656
16,D,17444,6204,23652
16,D,17448,6208,23660
16,D,17448,6208,23660
16,D,17448,6208,23660
16,D,17448,6208,23660
16,D,17444,6212,23660
16,D,17448,6204,23656
16,D,17448,6204,23656
16,D,17448,6208,23660
16,D,17448,6204,23656
72,D,17448,15912,33360
72,D,17448,2848,32560
72,D,17444,2848,32568
72,I,17448,7300,24748
72,I,17444,2848,24748
72,I,17440,2848,24744
72,I,17448,7296,24744
72,I,17448,7300,24748
72,D,17448,15912,33360
72,D,17444,15860,33304
72,I,17448,7300,24748
72,I,17448,7232,24680
72,I,17448,79456,97636
72,I,17448,7424,24872
72,I,17448,7332,24780
72,I,17444,7332,24776
72,D,17448,15916,33364
72,D,17448,15924,33372
72,D,17444,15920,33364
72,D,17444,15876,33320
72,D,17444,15908,33352
72,D,17448,15916,33364
72,D,17448,16192,33640
72,D,17448,16192,33640
16,D,17444,6216,23664
16,I,17448,3760,21212
72,D,17448,16208,33656
72,D,17448,16196,33644
72,D,17448,16204,33652
72,D,17448,16192,33640
72,D,17444,15356,32800
72,D,17448,15920,33368
72,D,17444,15912,33356
72,D,17444,15864,33308
72,D,17448,15936,33384
72,D,17444,15908,33352
72,D,17448,15912,33360
72,D,17448,15916,33364
72,D,17440,15912,33352
72,D,17448,15868,33316
16,D,17440,6220,23664
16,D,17448,6224,23676
16,D,17448,6232,23684
16,D,17448,6240,23692
16,D,17448,6224,23676
16,D,17448,6224,23676
16,D,17448,6228,23680
16,D,17448,540,23636
16,D,17444,540,23632
16,D,17444,540,23636
16,D,17444,6228,23676
16,D,17448,6256,23708
16,D,17448,6252,23704
16,D,17448,6256,23708
16,D,17440,6268,23712
16,D,17444,6268,23716
16,D,17448,6256,23708
16,D,17448,6268,23720
16,D,17448,6248,23700
16,D,17448,6248,23700
16,I,17444,3760,21208
72,I,17448,7332,24780
72,D,17448,17368,34816
72,D,17444,17376,34820
16,D,17444,6264,23712
16,I,17448,3760,21212
72,I,17448,7332,24780
72,D,17444,17372,34816
72,D,17448,17384,34832
72,D,17448,17328,34776
72,D,17448,17380,34828
72,D,17444,17372,34816
72,D,17448,18112,35560
72,D,17444,18104,35548
72,D,17444,18108,35552
72,D,17448,18112,35560
72,D,17448,18112,35560
72,D,17452,18072,35524
72,D,17444,18108,35552
72,D,17448,18064,35512
72,D,17444,18108,35552
72,D,17444,18108,35552
72,D,17444,18104,35548
72,D,17444,18060,35504
72,D,17448,18108,35556
72,I,17448,8020,25468
72,I,17444,7332,24776
72,D,17444,18116,35560
72,D,17448,17372,34820
72,D,17448,16560,34008
16,D,17448,6208,23660
64,D,17444,14116,31560
128,D,17444,16852,34296
128,D,17444,16852,34296
72,D,17444,5788,23232
72,D,17448,16556,34004
128,D,17444,32464,49908
128,I,17448,17592,35040
128,I,17444,15332,32776
128,D,17448,34804,52252
128,D,17444,21480,38924
72,D,17444,7288,24732
72,D,17444,7288,24732
72,D,17452,18008,35460
72,D,17452,18012,35464
72,I,17452,7328,24780
72,I,17452,8020,25472
72,I,17452,8020,25472
72,I,17452,8020,25472
72,I,17448,8020,25468
72,I,17452,8020,25472
72,I,17448,8024,25472
72,I,17452,8020,25472
72,I,17452,8020,25472
72,I,17444,7332,24776
72,I,17448,7328,24776
72,I,17452,7328,24780
128,I,17448,15328,32776
128,I,17448,15328,32776
128,I,17452,17592,35044
128,I,17452,17592,35044
72,I,17452,8020,25472
72,I,17448,7332,24780
72,I,17448,7328,24776
72,D,17448,18012,35460
72,D,17452,18016,35468
72,D,17448,7288,24736
72,D,17444,18020,35464
72,D,17448,18012,35460
72,D,17448,17292,34740
72,D,17444,7288,24732
72,D,17448,17296,34744
72,D,17444,17296,34740
72,D,17448,17292,34740
72,D,17448,17296,34744
72,I,17444,7332,24776
72,D,17448,17288,34736
72,D,17448,0,34732
72,D,17448,0,34736
72,D,17448,17284,0,34732
72,D,17448,17284,0,34732
72,D,17444,17296,34740
72,I,17440,7336,24776
128,I,17448,15324,32772
72,D,17448,16460,33908
72,D,17444,16464,33908
72,D,17448,16456,0,33904
72,D,17448,16456,0,33904
72,D,17448,16452,0,33900
72,D,17444,16464,16464,33908
72,I,17448,1,6572,24020
72,D,17444,1,16464,33908
72,I,17444,1,6572,24016
72,I,17448,1,6568,24016
128,I,17444,1,13020,30464
128,I,17448,1,13016,30464
128,D,17448,1,34616,52064
128,D,17444,1,34688,52132
128,D,17448,34664,52112
128,I,17448,13012,30460
128,I,17444,13020,30464,8.015625 s
128,I,17448,13012,30460,8.078125 s
128,D,17448,34620,52068,46.078125 s
128,I,17448,13016,30464,8.062500 s
128,D,17444,34632,52076,44.125000 s
128,D,17448,34708,52156,43.953125 s
72,D,17444,16460,33904,8.234375 s
72,D,17448,15088,32536,2.140625 s
16,D,17444,6164,23612,0.765625 s
72,D,17444,15040,32484,2.546875 s
16,I,17440,3724,21168,0.062500 s
72,I,17448,6556,24004,1.640625 s
72,I,17448,48784,66232,12.484375 s
72,D,17452,88668,106120,2.078125 s
72,D,17452,115112,132564,5.406250 s72,D,17452,16432,33884,8.359375 s
72,D,17448,16436,33884,8.781250 s
72,D,17452,16432,33884,8.468750 s
72,D,17452,115860,133312,4.765625 s
72,D,17452,114836,132288,4.937500 s
72,D,17452,112312,129764,4.031250 s
72,D,17452,117408,134860,4.734375 s
72,D,17452,118944,136396,4.515625 s
72,Y,17452,0,19580,0.015625 s
72,D,17452,114484,131936,5.109375 s
72,D,17452,114036,131488,5.031250 s
72,D,17444,113376,130820,4.890625 s
72,D,17448,111316,128764,5.078125 s
72,D,17452,114896,132348,4.531250 s
72,D,17448,111972,129420,5.000000 s
72,D,17452,112896,130348,4.906250 s
72,D,17452,114812,132264,4.781250 s
72,D,17452,111256,128708,4.984375 s
72,D,17448,116040,133488,4.812500 s
72,D,17452,113276,130728,4.578125 s
72,D,17452,116392,133844,4.640625 s
72,D,17448,116676,134124,4.296875 s
72,D,17448,115564,133012,4.328125 s
72,D,17452,112160,129612,6.187500 s
72,D,17448,113120,130568,5.890625 s
72,D,17452,114504,131956,5.859375 s
72,D,17452,115484,132936,5.406250 s
72,D,17452,113712,131164,5.109375 s
72,D,17448,112676,130124,5.218750 s
72,D,17448,111884,129332,4.953125 s
72,D,17452,112696,130148,5.453125 s
72,D,17448,111372,128820,5.687500 s
72,D,17448,115216,132664,5.281250 s
72,D,17452,111812,129264,5.593750 s
72,D,17448,112716,130164,5.484375 s
72,D,17452,115264,132716,4.890625 s
72,D,17452,114080,131532,5.500000 s
72,D,17448,114260,131708,5.531250 s
72,D,17448,115496,132944,6.031250 s
72,D,17452,115944,133396,5.484375 s
72,D,17448,111308,128756,5.859375 s
72,D,17452,113892,131344,5.703125 s
72,D,17452,115500,132952,5.375000 s
72,D,17452,114552,132004,5.859375 s
72,D,17452,112964,130416,5.875000 s
72,D,17452,113508,130960,5.875000 s
72,D,17452,16436,33888,9.234375 s
72,D,17452,14948,32400,1.953125 s
72,D,17452,14888,32340,2.218750 s
72,D,17452,16432,33884,9.109375 s
72,D,17452,15068,32520,1.453125 s
72,D,17452,14908,32360,8.718750 s
72,D,17452,15008,32460,2.078125 s
72,D,17452,14972,32424,2.015625 s
72,D,17452,14952,32404,1.812500 s
72,D,17452,14988,32440,1.953125 s
72,D,17448,14968,32416,2.078125 s
72,D,17452,14920,32372,1.937500 s
72,D,17452,14960,32412,1.937500 s
72,D,17452,14948,32400,1.937500 s
72,D,17448,14968,32416,2.000000 s
72,D,17452,15656,33108,1.984375 s
72,D,17452,15664,33116,1.953125 s
72,D,17452,14972,32424,1.921875 s
72,D,17452,15648,33100,2.015625 s
72,D,17448,15728,33176,1.921875 s
72,D,17448,14920,32368,2.000000 s
72,D,17452,158088,175540,0.671875 s
72,D,17448,86528,103976,0.343750 s
72,D,17452,86464,103916,0.671875 s
72,D,17448,159380,176828,0.718750 s
72,D,17448,85768,103216,1.171875 s
72,D,17452,85692,103144,1.281250 s
72,D,17452,85744,103196,0.843750 s
72,D,17444,85744,103188,0.875000 s
72,D,17448,13512,30960,1.984375 s
72,D,17452,13548,31000,1.828125 s
72,D,17452,13500,30952,2.125000 s
72,D,17452,13544,30996,1.968750 s
72,D,17448,87964,105412,3.062500 s
72,D,17448,87964,105412,2.203125 s
72,D,17452,87964,105416,2.265625 s
72,D,17448,87960,105408,2.093750 s
72,D,17448,87968,105416,2.187500 s
72,D,17452,13568,31020,1.953125 s
72,D,17448,13596,31044,1.734375 s
72,D,17448,13512,30960,1.937500 s
72,D,17452,13524,30976,2.000000 s
72,D,17452,13556,31008,4.046875 s
72,D,17452,13556,31008,1.968750 s
72,D,17452,13552,31004,1.843750 s
72,D,17448,13544,30992,1.703125 s
72,D,17452,13500,30952,1.765625 s
72,D,17452,13564,31016,1.828125 s
72,D,17452,9852,27304,0.968750 s
16,D,17452,7304,24764,0.046875 s
72,I,17452,6572,24024,2.187500 s
72,I,17452,6572,24024,2.203125 s
72,D,17452,13552,31004,1.640625 s
72,I,17452,6572,24024,2.078125 s
72,I,17448,6572,24020,2.187500 s
72,D,17444,13516,30960,1.812500 s
72,D,17448,13656,31104,1.734375 s
72,I,17452,6568,24020,2.109375 s
72,I,17448,6572,24020,2.078125 s
72,I,17452,6672,24124,45.093750 s
72,I,17452,8916,26368,19.046875 s
72,I,17448,8888,26336,1192.531250 s
72,I,17452,8912,26364,19.531250 s
72,I,17452,6572,24024,2.109375 s
72,I,17452,8896,26348,19.062500 s
72,I,17452,8884,26336,18.500000 s
72,I,17452,8908,26360,25.187500 s
16,I,17452,4408,21868,20.890625 s
16,I,17448,4416,21872,20.500000 s
16,I,17448,4436,21892,1.343750 s
16,I,17452,4416,21876,0.390625 s
72,I,17452,8920,26372,20.984375 s
72,I,17452,985804,1003260,2.515625 s
16,I,17452,58096,75560,0.093750 s
16,I,17452,58092,75556,0.093750 s
16,I,17452,3796,21260,0.062500 s
16,I,17452,3796,21260,0.109375 s
72,I,17452,6676,24128,4.687500 s
72,I,17452,6672,24124,4.671875 s
72,I,17448,985916,1003368,5.296875 s
72,I,17452,6676,24128,6.109375 s
72,D,17452,13560,31012,1.796875 s
72,I,17452,6676,24128,6.859375 s
72,I,17448,6676,24124,5.781250 s
72,I,17448,6676,24124,6.062500 s
72,I,17448,6676,24124,5.843750 s
72,I,17452,6676,24128,5.859375 s
72,I,17452,6676,24128,4.593750 s
72,I,17448,6676,24124,5.859375 s
72,I,17448,6572,24020,2.140625 s
72,I,17452,6656,24108,6.156250 s
72,I,17452,6672,24124,4.734375 s
72,I,17448,6572,24020,2.156250 s
72,I,17452,6676,24128,4.703125 s
72,I,17448,6572,24020,2.187500 s
72,I,17448,6628,24076,18.203125 s
72,I,17448,6572,24020,2.093750 s
16,I,17452,3708,21172,0.046875 s
16,I,17452,1476,18932,0.015625 s
16,I,17452,3712,21176,0.046875 s
16,I,17448,3716,21176,0.062500 s
16,I,17452,3716,21180,0.078125 s
16,D,17452,7336,24796,0.156250 s
16,D,17452,7300,24760,0.046875 s
16,D,17452,7336,24796,0.078125 s
16,D,17452,7300,24760,0.078125 s
16,D,17452,7300,24760,0.031250 s
16,D,17452,7280,24740,0.046875 s
16,D,17448,7336,24792,0.062500 s
72,D,17452,13512,30964,1.843750 s
72,D,17452,13572,31024,1.890625 s
72,D,17452,13556,31008,1.859375 s
72,D,17448,13564,31012,2.093750 s
72,D,17448,13592,31040,1.906250 s
72,D,17452,13560,31012,2.296875 s
72,D,17452,13672,31124,1.921875 s
72,D,17448,13580,31028,2.703125 s
72,D,17452,13572,31024,3.171875 s
72,D,17452,13528,30980,2.953125 s
72,D,17448,13528,30976,2.953125 s
72,D,17452,13596,31048,2.656250 s
72,D,17452,13532,30984,2.906250 s
72,D,17448,13632,31080,2.531250 s
72,D,17452,13488,30940,2.562500 s
72,D,17452,13568,31020,2.640625 s
72,D,17452,13560,31012,2.500000 s
72,D,17452,13564,31016,2.625000 s
72,D,17452,13604,31056,2.859375 s
72,D,17448,13564,31012,2.640625 s
72,D,17452,13560,31012,2.609375 s
72,D,17448,111100,128548,1.046875 s
72,D,17448,112760,130208,1.328125 s
72,D,17452,13648,31100,2.781250 s
72, ,17448,2924,20372,0.031250 s
72, ,17448,2872,20320,0.000000 s
72, ,17452,2920,20372,0.093750 s
72, ,17448,2924,20372,0.031250 s
72,D,17452,13556,31008,2.671875 s
72, ,17452,2924,20376,0.015625 s
72, ,17452,2868,20320,0.000000 s
72,D,17448,13516,30964,2.890625 s
72,i,17448,0,19596,0.000000 s
72,i,17452,0,19596,0.015625 s
72,D,17452,13600,31052,2.609375 s
72,i,17448,0,19596,0.015625 s
72,D,17452,13476,30928,2.671875 s
72,D,17452,13468,30920,0.453125 s
72,D,17452,13516,30968,0.593750 s
72,D,17452,13548,31000,0.593750 s
72,D,17452,13560,31012,0.453125 s
72,D,17448,13480,30928,0.546875 s
72,D,17448,13540,30988,0.421875 s
72,D,17448,13512,30960,0.453125 s
72,D,17452,13464,30916,0.406250 s
72,D,17448,13480,30928,0.531250 s
72,D,17452,13600,31052,2.625000 s
72,D,17448,13588,31036,2.562500 s
16,D,17452,7324,24780,0.546875 s
16,D,17452,7316,24772,0.296875 s
16,D,17452,7324,24780,0.250000 s
16,D,17452,7328,24784,0.218750 s
16,D,17452,7340,24796,0.156250 s
16,D,17452,7324,24780,0.296875 s
16,D,17452,7324,24780,0.296875 s
9,D,17452,4288,21740,0.125000 s
40,D,17452,8916,26368,0.703125 s
16,D,17448,7304,24756,0.312500 s
9,D,17448,4308,21756,0.281250 s
9,D,17452,4296,21748,0.234375 s
2,D,17452,3700,21156,0.046875 s
9,D,17452,4296,21748,0.062500 s
9,D,17448,4300,21748,0.125000 s
9,D,17448,4304,21752,0.203125 s
16,D,17452,7316,24772,0.343750 s
16,D,17452,7352,24808,0.296875 s
16,D,17448,7324,24776,0.156250 s
9,D,17452,4300,21752,0.140625 s
9,D,17448,4296,21744,0.171875 s
9,D,17452,4296,21748,0.187500 s
16,D,17448,7308,24760,0.265625 s
16,D,17452,7324,24780,0.125000 s
250,D,17452,97852,115304,38.546875 s
250,D,17452,79156,96608,24.031250 s
16,D,17452,3984,21440,0.296875 s
16,D,17448,3968,21420,0.125000 s
16,D,17452,7312,24768,0.312500 s
16,D,17452,7316,24772,0.312500 s
16,D,17452,7316,24772,0.156250 s
250,D,17452,97860,115312,38.406250 s
250,D,17452,97868,115320,40.625000 s
250,D,17452,97888,115340,39.656250 s
16,D,17452,7328,24784,0.140625 s
250,D,17452,97824,115276,38.125000 s
9,D,17452,4288,21740,0.156250 s
9,D,17452,4304,21756,0.140625 s
9,D,17452,4304,21756,0.187500 s
9,D,17448,4316,21764,0.187500 s
9,D,17448,4316,21764,0.562500 s
16,D,17448,7308,24760,0.171875 s
16,D,17448,7312,24764,0.312500 s
9,D,17448,4300,21748,0.296875 s
9,D,17452,4292,21744,0.234375 s
9,D,17452,4304,21756,0.218750 s
9,D,17452,4288,21740,0.203125 s
9,D,17452,4292,21744,0.140625 s
9,D,17452,4296,21748,0.171875 s
9,D,17452,4288,21740,0.234375 s
